TRADING_START_DAY,ZSCORE_LOOKBACK,ENTRY_THRESHOLD,STOP_LOSS_THRESHOLD,POSITION_SIZE,score
500,120,0.5,3.5,10000,57.156464943627284
500,120,0.5,4.0,10000,57.156464943627284
400,150,1.5,4.0,10000,56.46634368902256
500,120,0.5,3.0,10000,56.27248437292343
400,150,1.5,3.5,10000,56.049027645037015
500,120,1.0,4.0,10000,55.40302424217058
500,120,1.0,3.5,10000,55.40302424217058
400,150,1.5,3.0,10000,55.243084268473545
400,120,1.5,3.5,10000,55.052975254189924
400,120,1.5,4.0,10000,55.052975254189924
500,120,1.0,3.0,10000,54.55627576674391
500,120,1.5,4.0,10000,54.5335705871692
500,120,1.5,3.5,10000,54.5335705871692
400,120,2.0,4.0,10000,54.2656606808818
400,120,2.0,3.5,10000,54.2656606808818
400,120,1.5,3.0,10000,54.23931893762279
400,120,0.5,4.0,10000,53.60023351764387
400,120,0.5,3.5,10000,53.60023351764387
500,120,1.5,3.0,10000,53.54397573082791
500,150,0.5,4.0,10000,53.16479263104441
500,150,0.5,3.5,10000,53.16479263104441
400,120,2.0,3.0,10000,53.02026412141004
400,120,0.5,3.0,10000,52.87605428100428
400,120,1.0,3.5,10000,52.743786767938886
400,120,1.0,4.0,10000,52.743786767938886
500,150,0.5,3.0,10000,52.706681084149274
400,150,0.5,4.0,10000,52.70418944720824
400,150,0.5,3.5,10000,52.27061638344766
500,150,1.0,3.5,10000,52.06600917796396
500,150,1.0,4.0,10000,52.06600917796396
400,120,1.0,3.0,10000,52.03440575116446
500,120,0.5,2.5,10000,51.72929097068883
500,150,1.0,3.0,10000,51.63028147298167
400,150,0.5,3.0,10000,51.458103873509245
400,150,2.0,4.0,10000,51.0662819205737
400,150,2.0,3.5,10000,50.65630502381747
500,150,1.5,4.0,10000,50.43849252491484
500,150,1.5,3.5,10000,50.43849252491484
500,150,1.5,3.0,10000,49.911508030708795
400,150,1.0,4.0,10000,49.744616932392816
500,120,1.0,2.5,10000,49.67957850588717
400,150,2.0,3.0,10000,49.48708384530043
400,150,1.0,3.5,10000,49.32191713509015
400,150,1.0,3.0,10000,48.552407566268414
500,120,1.5,2.5,10000,48.412782446039046
450,120,1.5,3.5,10000,48.28349618623659
450,120,1.5,4.0,10000,48.28349618623659
450,150,1.5,4.0,10000,48.179462745128795
450,150,1.5,3.5,10000,47.69272739928068
450,150,1.5,3.0,10000,47.57425408304801
450,120,1.5,3.0,10000,47.4501342955423
500,90,2.0,4.0,10000,47.40307958375418
500,90,2.0,3.5,10000,47.40307958375418
400,120,1.5,2.5,10000,47.39544837497979
400,90,2.0,4.0,10000,47.369529330945895
400,90,2.0,3.5,10000,47.369529330945895
400,120,0.5,2.5,10000,46.49238873961626
400,150,1.5,2.5,10000,46.38740482448203
500,120,2.0,3.5,10000,46.344389487427904
500,120,2.0,4.0,10000,46.344389487427904
500,90,2.0,3.0,10000,45.63360598604129
400,120,2.0,2.5,10000,45.615793942582926
400,120,1.0,2.5,10000,45.42605270610373
500,90,2.0,2.5,10000,45.065080195049816
500,120,2.0,3.0,10000,45.0460009017347
450,120,0.5,3.5,10000,44.93837698749396
450,120,0.5,4.0,10000,44.93837698749396
450,120,2.0,3.5,10000,44.89773562643278
450,120,2.0,4.0,10000,44.89773562643278
400,90,2.0,3.0,10000,44.86700602486813
450,120,0.5,3.0,10000,44.20213184780355
450,120,2.0,3.0,10000,43.77613967622385
450,90,2.0,3.5,10000,43.56862647704724
450,90,2.0,4.0,10000,43.56862647704724
500,150,0.5,2.5,10000,43.434056678809014
400,150,0.5,2.5,10000,43.217508172059176
450,150,1.0,4.0,10000,43.1534596902741
350,120,0.5,4.0,10000,42.9685345752118
350,120,0.5,3.5,10000,42.9685345752118
400,90,2.0,2.5,10000,42.93653779361206
500,150,1.0,2.5,10000,42.82086027137314
500,90,1.0,4.0,10000,42.80181326375331
500,90,1.0,3.5,10000,42.80181326375331
450,150,1.0,3.5,10000,42.66134307317592
300,120,0.5,4.0,10000,42.651812731297966
300,120,0.5,3.5,10000,42.651812731297966
450,150,1.0,3.0,10000,42.61438318319572
450,120,1.0,4.0,10000,42.560436418203366
450,120,1.0,3.5,10000,42.560436418203366
450,150,2.0,4.0,10000,42.41900872538308
350,150,1.5,4.0,10000,42.186561106414814
400,90,1.0,3.5,10000,41.94956848144006
400,90,1.0,4.0,10000,41.94956848144006
450,150,2.0,3.5,10000,41.933072569152756
250,120,1.5,4.0,10000,41.93258918898797
250,120,1.5,3.5,10000,41.93258918898797
450,120,1.0,3.0,10000,41.86014085367116
350,150,1.5,3.5,10000,41.822818090764905
450,90,2.0,3.0,10000,41.64270856346526
250,120,0.5,4.0,10000,41.64090761957378
250,120,0.5,3.5,10000,41.64090761957378
350,120,1.5,3.5,10000,41.62239308433446
350,120,1.5,4.0,10000,41.62239308433446
450,150,2.0,3.0,10000,41.61297289282045
350,120,0.5,3.0,10000,41.19850411863289
500,150,2.0,3.5,10000,41.11563357806586
500,150,2.0,4.0,10000,41.11563357806586
300,120,0.5,3.0,10000,41.08599445722883
450,120,1.5,2.5,10000,40.82999484948009
350,150,1.5,3.0,10000,40.79692730370831
350,150,2.0,4.0,10000,40.78018943865005
450,150,0.5,4.0,10000,40.76076793554393
350,90,2.0,3.5,10000,40.692703540732666
350,90,2.0,4.0,10000,40.692703540732666
400,150,1.0,2.5,10000,40.61017996779452
500,90,1.0,3.0,10000,40.596807979922346
350,120,2.0,4.0,10000,40.577775978571836
350,120,2.0,3.5,10000,40.577775978571836
350,150,2.0,3.5,10000,40.422657314097755
400,150,2.0,2.5,10000,40.42040267297905
250,120,1.5,3.0,10000,40.39029835220671
500,150,2.0,3.0,10000,40.28082702117193
450,150,0.5,3.5,10000,40.25657563285684
450,150,0.5,3.0,10000,40.18064094925556
350,120,1.0,3.5,10000,40.08991746141723
350,120,1.0,4.0,10000,40.08991746141723
250,120,0.5,3.0,10000,40.0513359032074
350,120,1.5,3.0,10000,39.90187277385466
500,150,1.5,2.5,10000,39.84435845159436
350,150,2.0,3.0,10000,39.213932609908674
500,120,2.0,2.5,10000,39.19444019778854
250,150,1.5,4.0,10000,39.12628701395189
450,90,2.0,2.5,10000,38.9782067029442
250,150,1.5,3.5,10000,38.83545338972707
300,120,1.5,3.5,10000,38.77266585386842
300,120,1.5,4.0,10000,38.77266585386842
500,90,1.5,4.0,10000,38.58303584592114
500,90,1.5,3.5,10000,38.58303584592114
400,90,1.0,3.0,10000,38.57947864623105
350,120,0.5,2.5,10000,38.535612816260695
350,120,2.0,3.0,10000,38.472132714902685
350,120,1.0,3.0,10000,38.419821563705526
500,90,0.5,4.0,10000,38.32310541438725
500,90,0.5,3.5,10000,38.32310541438725
350,90,2.0,3.0,10000,38.06103648273064
450,120,0.5,2.5,10000,38.046470472338655
250,150,1.5,3.0,10000,38.02790414305852
450,150,1.5,2.5,10000,37.99934833754
250,120,2.0,3.5,10000,37.68204640447746
250,120,2.0,4.0,10000,37.68204640447746
500,90,1.0,2.5,10000,37.6748466079964
300,120,0.5,2.5,10000,37.666318907594864
250,150,2.0,4.0,10000,37.60154609820377
250,150,2.0,3.5,10000,37.315650394186065
300,120,1.5,3.0,10000,37.27880465912733
250,150,0.5,4.0,10000,36.817530816669745
350,120,1.5,2.5,10000,36.806907950528895
400,90,1.5,3.5,10000,36.73455940165408
400,90,1.5,4.0,10000,36.73455940165408
450,120,2.0,2.5,10000,36.67934372111532
250,150,0.5,3.5,10000,36.514800573741674
250,150,1.0,4.0,10000,36.4857480120623
500,90,1.5,3.0,10000,36.39443127045781
250,150,2.0,3.0,10000,36.35935301958871
400,90,1.0,2.5,10000,36.269736320147906
300,120,1.0,3.5,10000,36.23064819871917
300,120,1.0,4.0,10000,36.23064819871917
250,150,1.0,3.5,10000,36.19077456734795
500,90,0.5,3.0,10000,36.09185910741797
350,150,1.0,4.0,10000,36.08236130236917
400,90,0.5,3.5,10000,36.01094273112954
400,90,0.5,4.0,10000,36.01094273112954
250,120,1.0,4.0,10000,35.83239848817103
250,120,1.0,3.5,10000,35.83239848817103
250,120,2.0,3.0,10000,35.81325046362902
350,150,1.0,3.5,10000,35.71377552589452
250,120,1.5,2.5,10000,35.65091698924784
250,150,0.5,3.0,10000,35.60464812924459
350,90,1.0,3.5,10000,35.597940359326635
350,90,1.0,4.0,10000,35.597940359326635
250,120,0.5,2.5,10000,35.58430861793948
350,120,1.0,2.5,10000,35.50353838002855
450,120,1.0,2.5,10000,35.49527152552367
250,150,1.0,3.0,10000,35.392059213135134
250,90,2.0,4.0,10000,34.97255784777654
250,90,2.0,3.5,10000,34.97255784777654
300,120,1.0,3.0,10000,34.76784917684403
300,150,0.5,4.0,10000,34.73934170299497
350,150,1.0,3.0,10000,34.72141631657505
350,90,2.0,2.5,10000,34.62231636423178
350,150,0.5,4.0,10000,34.43285286613494
300,150,0.5,3.5,10000,34.403246527399894
350,120,2.0,2.5,10000,34.37431473837981
250,120,1.0,3.0,10000,34.336424842020534
450,150,1.0,2.5,10000,34.07913163257654
350,150,0.5,3.5,10000,34.05491418561629
300,150,1.5,4.0,10000,34.02766703921132
300,150,1.5,3.5,10000,33.7050115266977
300,120,1.5,2.5,10000,33.59349874756077
400,90,1.5,3.0,10000,33.491183354328015
300,150,0.5,3.0,10000,33.39270758132213
400,150,2.5,4.0,10000,33.20728733695519
300,90,2.0,3.5,10000,33.18856253272851
300,90,2.0,4.0,10000,33.18856253272851
300,120,2.0,4.0,10000,33.08779906482438
300,120,2.0,3.5,10000,33.08779906482438
500,90,0.5,2.5,10000,32.94306407742641
350,150,0.5,3.0,10000,32.9183953676345
300,150,1.5,3.0,10000,32.81201356148641
400,150,2.5,3.5,10000,32.80375849612986
500,90,1.5,2.5,10000,32.69993739831438
400,90,0.5,3.0,10000,32.66743046136025
350,90,0.5,3.5,10000,32.50948461454722
350,90,0.5,4.0,10000,32.50948461454722
350,150,1.5,2.5,10000,32.17408728132116
450,150,2.0,2.5,10000,32.108205540257515
300,150,1.0,4.0,10000,32.06042532099648
100,120,1.5,3.5,10000,32.0515486666711
100,120,1.5,4.0,10000,32.0515486666711
350,90,1.0,3.0,10000,32.02868724623819
250,90,2.0,3.0,10000,31.94879072680339
450,90,1.0,3.5,10000,31.830851042853773
450,90,1.0,4.0,10000,31.830851042853773
150,120,1.5,3.5,10000,31.761743090898207
150,120,1.5,4.0,10000,31.761743090898207
300,150,1.0,3.5,10000,31.73319295024009
350,150,2.0,2.5,10000,31.594349002051644
250,120,2.0,2.5,10000,31.41655933177525
300,120,1.0,2.5,10000,31.275092013974977
450,150,0.5,2.5,10000,31.253422848740918
300,120,2.0,3.0,10000,31.24268289334995
300,150,1.0,3.0,10000,30.84652564556928
300,90,0.5,4.0,10000,30.825863856575836
300,90,0.5,3.5,10000,30.825863856575836
200,150,2.0,4.0,10000,30.55371150788082
400,90,1.5,2.5,10000,30.52798882892227
200,120,1.5,3.5,10000,30.45962567541168
200,120,1.5,4.0,10000,30.45962567541168
300,90,1.0,4.0,10000,30.446680238487865
300,90,1.0,3.5,10000,30.446680238487865
400,120,2.5,4.0,10000,30.353095040516163
400,120,2.5,3.5,10000,30.353095040516163
200,150,2.0,3.5,10000,30.294391031354063
250,90,1.0,4.0,10000,30.06052428293591
250,90,1.0,3.5,10000,30.06052428293591
150,120,1.5,3.0,10000,30.039397835085715
450,90,1.5,3.5,10000,29.997352979060913
450,90,1.5,4.0,10000,29.997352979060913
400,90,0.5,2.5,10000,29.97747923458335
100,120,1.5,3.0,10000,29.95927296025539
500,150,2.0,2.5,10000,29.880954496941875
300,90,2.0,3.0,10000,29.81926734417526
500,60,1.0,4.0,10000,29.79426023625159
500,60,1.0,3.5,10000,29.79426023625159
250,120,1.0,2.5,10000,29.784959175425243
350,90,1.0,2.5,10000,29.597489314291863
450,90,1.0,3.0,10000,29.56074001114802
400,120,2.5,3.0,10000,29.45930249512167
200,120,0.5,3.5,10000,29.29643232937599
200,120,0.5,4.0,10000,29.29643232937599
250,150,1.5,2.5,10000,29.244473345764717
200,150,2.0,3.0,10000,29.19432790393351
500,60,1.0,3.0,10000,29.078260934540985
350,90,0.5,3.0,10000,28.963570319065596
200,120,1.5,3.0,10000,28.96329683281165
400,150,2.5,3.0,10000,28.889622501245366
250,90,0.5,4.0,10000,28.815765331390978
250,90,0.5,3.5,10000,28.815765331390978
200,150,1.5,4.0,10000,28.81209594168029
100,120,2.0,3.5,10000,28.73187107366204
100,120,2.0,4.0,10000,28.73187107366204
250,90,2.0,2.5,10000,28.712242425965385
50,120,1.5,3.5,10000,28.583685979980263
50,120,1.5,4.0,10000,28.583685979980263
200,150,1.5,3.5,10000,28.548458243439434
200,120,2.0,3.5,10000,28.353165449368056
200,120,2.0,4.0,10000,28.353165449368056
150,120,0.5,3.5,10000,28.329182487254627
150,120,0.5,4.0,10000,28.329182487254627
150,150,1.5,4.0,10000,28.20321745642493
300,150,2.0,4.0,10000,28.17072423239653
250,150,2.0,2.5,10000,28.14374570663722
150,150,1.5,3.5,10000,27.961538403118993
300,150,2.0,3.5,10000,27.85428026511765
200,120,0.5,3.0,10000,27.758512990581373
450,90,1.5,3.0,10000,27.72537878238873
150,150,2.0,4.0,10000,27.69692513214299
150,120,2.0,3.5,10000,27.684685330968996
150,120,2.0,4.0,10000,27.684685330968996
200,150,1.5,3.0,10000,27.62543657945804
150,150,2.0,3.5,10000,27.459418642949757
250,150,0.5,2.5,10000,27.405226908511473
100,90,2.0,4.0,10000,27.397378958820862
300,120,2.0,2.5,10000,27.389688736841098
350,90,1.5,3.5,10000,27.354753055058872
350,90,1.5,4.0,10000,27.354753055058872
250,150,1.0,2.5,10000,27.326926420212473
100,90,2.0,3.5,10000,27.12375303516938
350,150,1.0,2.5,10000,27.083187984761246
300,90,0.5,3.0,10000,26.869649400940972
300,90,2.0,2.5,10000,26.848360895483964
250,90,1.5,4.0,10000,26.841356675905203
250,90,1.5,3.5,10000,26.841356675905203
300,150,2.0,3.0,10000,26.805049728801983
150,150,1.5,3.0,10000,26.70198572448693
50,120,1.5,3.0,10000,26.648605093886683
300,90,1.0,3.0,10000,26.59898228245671
150,120,0.5,3.0,10000,26.574662753854774
200,90,2.0,4.0,10000,26.564035813644463
200,120,2.0,3.0,10000,26.557028772752247
250,90,1.0,3.0,10000,26.50382889871573
100,120,2.0,3.0,10000,26.425885358494295
200,90,2.0,3.5,10000,26.28118184723892
350,90,0.5,2.5,10000,26.26109773963293
400,90,2.5,4.0,10000,26.190305201159745
400,90,2.5,3.5,10000,26.190305201159745
450,90,0.5,3.5,10000,26.160323290706266
450,90,0.5,4.0,10000,26.160323290706266
300,150,0.5,2.5,10000,26.09307622797482
150,150,2.0,3.0,10000,26.090952782975492
150,120,2.0,3.0,10000,25.724945152450445
50,120,2.0,3.5,10000,25.603580163787917
50,120,2.0,4.0,10000,25.603580163787917
150,90,2.0,4.0,10000,25.45518835295237
450,90,1.0,2.5,10000,25.260735674925044
250,90,0.5,3.0,10000,25.16331133519678
150,90,2.0,3.5,10000,25.15896310404145
350,150,0.5,2.5,10000,25.05588642329004
500,60,0.5,3.5,10000,25.03605917438761
500,60,0.5,4.0,10000,25.03605917438761
300,150,1.5,2.5,10000,24.86069239138069
300,90,0.5,2.5,10000,24.812378544436967
100,150,1.5,4.0,10000,24.755682546282415
300,90,1.0,2.5,10000,24.743973806304034
500,60,0.5,3.0,10000,24.691633423553725
100,150,1.5,3.5,10000,24.532720353811648
200,150,0.5,4.0,10000,24.49874086300126
100,150,2.0,4.0,10000,24.452190998132806
450,120,2.5,3.5,10000,24.38281643720721
450,120,2.5,4.0,10000,24.38281643720721
50,90,2.0,4.0,10000,24.36556845638794
100,150,2.0,3.5,10000,24.23325214735177
200,150,0.5,3.5,10000,24.224367179160538
50,90,2.0,3.5,10000,24.111896360930224
350,90,1.5,3.0,10000,23.9099205495139
450,90,0.5,3.0,10000,23.87800357288379
250,90,1.0,2.5,10000,23.829824166705087
100,90,2.0,3.0,10000,23.789670061014334
150,120,1.5,2.5,10000,23.74258421787009
500,60,1.0,2.5,10000,23.68243282707882
450,120,2.5,3.0,10000,23.678090989601312
300,150,1.0,2.5,10000,23.653124366258993
150,150,0.5,4.0,10000,23.64287262194742
200,90,2.0,3.0,10000,23.542856650538276
200,120,1.0,3.5,10000,23.491839056029036
200,120,1.0,4.0,10000,23.491839056029036
50,120,2.0,3.0,10000,23.46975035988489
100,120,0.5,4.0,10000,23.4662151724444
100,120,0.5,3.5,10000,23.4662151724444
450,150,2.5,4.0,10000,23.43794892680568
150,150,0.5,3.5,10000,23.391404257565355
100,150,1.5,3.0,10000,23.37654422963185
400,60,1.0,3.5,10000,23.36423354817694
400,60,1.0,4.0,10000,23.36423354817694
250,90,1.5,3.0,10000,23.30806700495136
200,150,0.5,3.0,10000,23.20580960186382
450,90,2.5,4.0,10000,23.027289015491352
450,90,2.5,3.5,10000,23.027289015491352
350,150,2.5,4.0,10000,22.98905023273172
100,150,2.0,3.0,10000,22.97842684302681
450,150,2.5,3.5,10000,22.957933711680596
100,120,1.5,2.5,10000,22.943168780891853
200,150,1.0,4.0,10000,22.928391760894144
400,60,0.5,3.5,10000,22.899638624769842
400,60,0.5,4.0,10000,22.899638624769842
450,90,1.5,2.5,10000,22.77822536867427
200,150,1.0,3.5,10000,22.661197053597398
350,150,2.5,3.5,10000,22.6373422986928
150,90,2.0,3.0,10000,22.413848552559834
250,90,0.5,2.5,10000,22.286325647856323
500,150,2.5,3.5,10000,22.182939078533263
500,150,2.5,4.0,10000,22.182939078533263
400,90,2.5,3.0,10000,22.169603295069518
200,120,1.5,2.5,10000,22.07857017946526
150,150,0.5,3.0,10000,22.05906739433378
200,120,1.0,3.0,10000,22.037555008748036
150,150,1.0,4.0,10000,21.974525572504632
400,60,1.0,3.0,10000,21.88713722080233
50,150,1.5,4.0,10000,21.846236249150735
400,150,2.5,2.5,10000,21.787084756058704
100,120,2.0,2.5,10000,21.76651011175933
200,150,1.0,3.0,10000,21.74340624456714
150,150,1.0,3.5,10000,21.729629716521238
50,150,2.0,4.0,10000,21.710845398527198
400,60,0.5,3.0,10000,21.69145059804263
50,150,1.5,3.5,10000,21.639304117834314
500,60,1.5,3.5,10000,21.61278544515735
500,60,1.5,4.0,10000,21.61278544515735
50,150,2.0,3.5,10000,21.507802104791736
300,90,1.5,4.0,10000,21.48075016317123
300,90,1.5,3.5,10000,21.48075016317123
450,90,2.5,3.0,10000,21.445629961861854
500,150,2.5,3.0,10000,21.37366965883525
100,120,0.5,3.0,10000,21.306226562892974
350,120,2.5,3.5,10000,21.274701951400807
350,120,2.5,4.0,10000,21.274701951400807
200,120,2.0,2.5,10000,21.245561103654428
200,120,0.5,2.5,10000,21.195246674241943
500,120,2.5,3.5,10000,21.091983408915677
500,120,2.5,4.0,10000,21.091983408915677
50,90,2.0,3.0,10000,21.022224094237608
300,150,2.5,4.0,10000,21.006620650939503
350,90,1.5,2.5,10000,20.73783124211917
300,150,2.5,3.5,10000,20.693998581589312
150,120,2.0,2.5,10000,20.60689751785294
50,150,1.5,3.0,10000,20.57146621002418
500,60,1.5,3.0,10000,20.556580193678194
150,120,0.5,2.5,10000,20.54120996904537
200,150,2.0,2.5,10000,20.50227194481537
150,150,1.0,3.0,10000,20.475179016585855
50,120,0.5,3.5,10000,20.434430913989345
50,120,0.5,4.0,10000,20.434430913989345
50,150,2.0,3.0,10000,20.350039420403135
100,150,0.5,4.0,10000,20.336611860155593
500,120,2.5,3.0,10000,20.264457483090276
500,90,2.5,3.5,10000,20.18057188115924
500,90,2.5,4.0,10000,20.18057188115924
50,120,1.5,2.5,10000,20.160849890860142
250,90,1.5,2.5,10000,20.130467564607365
100,150,0.5,3.5,10000,20.10420921123783
200,90,2.0,2.5,10000,19.90254799845719
200,150,2.5,4.0,10000,19.78281336321902
300,150,2.0,2.5,10000,19.704548969697505
350,120,2.5,3.0,10000,19.649592247977697
500,60,0.5,2.5,10000,19.632414521992544
200,150,2.5,3.5,10000,19.52687284839537
450,150,2.5,3.0,10000,19.473711596604943
150,120,1.0,4.0,10000,19.431067957940158
150,120,1.0,3.5,10000,19.431067957940158
150,90,2.0,2.5,10000,19.37985835208472
450,90,0.5,2.5,10000,19.36265268503211
350,60,0.5,4.0,10000,19.282285187175887
350,60,0.5,3.5,10000,19.282285187175887
50,120,2.0,2.5,10000,19.183591830723007
100,90,2.0,2.5,10000,19.151510228931247
200,90,1.5,4.0,10000,19.144526400197606
350,150,2.5,3.0,10000,19.045745181390046
100,150,1.0,4.0,10000,18.898148480783455
100,150,0.5,3.0,10000,18.87903917527398
100,90,1.5,4.0,10000,18.871012608883973
200,90,1.5,3.5,10000,18.849690892184277
300,120,2.5,4.0,10000,18.691259635621286
300,120,2.5,3.5,10000,18.691259635621286
100,150,1.0,3.5,10000,18.672054329041387
100,90,1.5,3.5,10000,18.57587199599429
50,120,0.5,3.0,10000,18.43369941348673
500,90,2.5,3.0,10000,18.412477967428742
150,90,1.5,4.0,10000,18.32841407055289
350,60,0.5,3.0,10000,18.26080281730406
300,60,0.5,3.5,10000,18.17550677571473
300,60,0.5,4.0,10000,18.17550677571473
100,120,1.0,4.0,10000,18.09200438577475
100,120,1.0,3.5,10000,18.09200438577475
200,150,1.5,2.5,10000,18.069823637732355
150,90,1.5,3.5,10000,18.00868032087073
150,150,2.0,2.5,10000,17.950824075753445
450,60,1.0,4.0,10000,17.885135941544533
450,60,1.0,3.5,10000,17.885135941544533
350,60,1.0,4.0,10000,17.803081175934743
350,60,1.0,3.5,10000,17.803081175934743
150,150,1.5,2.5,10000,17.76648525236193
150,120,1.0,3.0,10000,17.744807809203152
300,90,1.5,3.0,10000,17.558181454973223
50,150,0.5,4.0,10000,17.555436313785904
300,150,2.5,3.0,10000,17.523536039001897
100,150,1.0,3.0,10000,17.519645800458264
300,60,0.5,3.0,10000,17.482941635137195
400,60,1.5,3.5,10000,17.412700954856184
400,60,1.5,4.0,10000,17.412700954856184
50,150,0.5,3.5,10000,17.33937826519884
150,150,2.5,4.0,10000,17.276175287609718
300,120,2.5,3.0,10000,17.122577893739845
250,150,2.5,4.0,10000,17.054465197003754
150,150,2.5,3.5,10000,17.041828483287667
450,60,1.0,3.0,10000,16.996570138420026
250,150,2.5,3.5,10000,16.77338483479723
50,90,2.0,2.5,10000,16.759829791505975
50,90,1.5,4.0,10000,16.726575280910268
200,150,2.5,3.0,10000,16.694994966383963
200,90,1.0,4.0,10000,16.679429013197264
350,90,2.5,4.0,10000,16.614143254663155
350,90,2.5,3.5,10000,16.614143254663155
350,60,1.0,3.0,10000,16.591752569484846
50,90,1.5,3.5,10000,16.45222204033101
200,90,1.0,3.5,10000,16.383349240863453
50,150,1.0,4.0,10000,16.310412718624093
50,150,0.5,3.0,10000,16.205864333040395
50,150,1.0,3.5,10000,16.100428612046343
100,120,1.0,3.0,10000,16.00116668349696
500,150,2.5,2.5,10000,15.875501405028498
400,60,1.5,3.0,10000,15.837717176373978
200,90,1.5,3.0,10000,15.662090802948377
100,150,2.0,2.5,10000,15.535189673263847
50,120,1.0,4.0,10000,15.532133986026558
50,120,1.0,3.5,10000,15.532133986026558
200,120,2.5,4.0,10000,15.467158797846896
200,120,2.5,3.5,10000,15.467158797846896
200,120,1.0,2.5,10000,15.373217128317613
150,90,1.0,4.0,10000,15.225434391512586
100,150,1.5,2.5,10000,15.162516247783849
150,90,0.5,4.0,10000,15.126390667390517
300,90,1.5,2.5,10000,15.063153315022749
100,150,2.5,4.0,10000,15.038074109620691
50,150,1.0,3.0,10000,15.035255507579656
200,90,0.5,4.0,10000,15.031212352085475
150,90,1.0,3.5,10000,14.90814422136716
100,90,1.5,3.0,10000,14.853527285468076
150,90,0.5,3.5,10000,14.844689669113713
400,60,0.5,2.5,10000,14.828108896345938
100,150,2.5,3.5,10000,14.822126707863603
150,90,1.5,3.0,10000,14.816257250235175
200,90,0.5,3.5,10000,14.735202198416864
250,60,1.0,4.0,10000,14.694428533578254
250,60,1.0,3.5,10000,14.694428533578254
250,60,0.5,3.5,10000,14.652962628492332
250,60,0.5,4.0,10000,14.652962628492332
500,60,1.5,2.5,10000,14.56623972472103
400,60,1.0,2.5,10000,14.55443082243334
100,120,0.5,2.5,10000,14.371166548718627
200,150,0.5,2.5,10000,14.344238227173435
400,60,2.0,4.0,10000,14.33243530327817
400,60,2.0,3.5,10000,14.33243530327817
150,150,2.5,3.0,10000,14.123748134113757
300,60,1.0,4.0,10000,14.112601111657533
300,60,1.0,3.5,10000,14.112601111657533
250,120,2.5,4.0,10000,13.954032750095003
250,120,2.5,3.5,10000,13.954032750095003
250,150,2.5,3.0,10000,13.91679688905663
200,120,2.5,3.0,10000,13.892636497147198
100,120,2.5,4.0,10000,13.737849302758477
100,120,2.5,3.5,10000,13.737849302758477
150,150,0.5,2.5,10000,13.71393458984582
300,90,2.5,4.0,10000,13.632686818763062
300,90,2.5,3.5,10000,13.632686818763062
400,60,2.5,3.5,10000,13.630577569084114
400,60,2.5,4.0,10000,13.630577569084114
50,120,1.0,3.0,10000,13.596297610200196
400,60,2.0,3.0,10000,13.552449924656038
50,150,2.0,2.5,10000,13.501393071623642
350,90,2.5,3.0,10000,13.395011312601447
400,60,2.5,3.0,10000,13.290012121892293
300,60,1.0,3.0,10000,13.240729088612333
200,90,1.0,3.0,10000,13.208845034382563
150,120,2.5,3.5,10000,13.206636179269545
150,120,2.5,4.0,10000,13.206636179269545
50,150,2.5,4.0,10000,13.152034138217392
300,60,0.5,2.5,10000,13.047884413103482
250,60,0.5,3.0,10000,13.003024191315788
50,90,1.5,3.0,10000,12.999714921069895
50,150,1.5,2.5,10000,12.974375839199158
50,150,2.5,3.5,10000,12.9518371471326
250,60,1.0,3.0,10000,12.905008184694665
200,150,1.0,2.5,10000,12.892226848033118
500,60,2.0,4.0,10000,12.825854546781564
500,60,2.0,3.5,10000,12.825854546781564
350,150,2.5,2.5,10000,12.670844905014526
500,60,2.0,3.0,10000,12.488520378856375
250,120,2.5,3.0,10000,12.354027099180932
450,60,0.5,4.0,10000,12.260195012906344
450,60,0.5,3.5,10000,12.260195012906344
100,150,2.5,3.0,10000,12.141283695159721
150,150,1.0,2.5,10000,12.128679572130793
200,90,1.5,2.5,10000,12.070198925686967
50,120,0.5,2.5,10000,12.021702808169849
250,60,1.5,3.5,10000,11.965675681001393
250,60,1.5,4.0,10000,11.965675681001393
150,90,1.5,2.5,10000,11.940650479560617
50,120,2.5,3.5,10000,11.922294341844932
50,120,2.5,4.0,10000,11.922294341844932
450,60,1.5,3.5,10000,11.765541217292984
450,60,1.5,4.0,10000,11.765541217292984
150,90,1.0,3.0,10000,11.733300918964638
450,60,0.5,3.0,10000,11.669760172305843
150,120,1.0,2.5,10000,11.608504995631549
300,150,2.5,2.5,10000,11.59948198735071
150,90,0.5,3.0,10000,11.596069933693066
350,60,0.5,2.5,10000,11.579533573738935
100,90,1.5,2.5,10000,11.511978402632863
150,120,2.5,3.0,10000,11.485800295249817
200,90,0.5,3.0,10000,11.46445468682142
100,150,0.5,2.5,10000,11.213427254648352
100,90,1.0,4.0,10000,11.102505043205248
350,60,1.5,4.0,10000,10.91270542865746
350,60,1.5,3.5,10000,10.91270542865746
100,90,1.0,3.5,10000,10.809997135927098
100,120,2.5,3.0,10000,10.667479979423717
450,60,1.5,3.0,10000,10.564520873906474
300,90,2.5,3.0,10000,10.498473148701716
400,90,2.5,2.5,10000,10.492366035397067
250,90,2.5,3.5,10000,10.48644372539528
250,90,2.5,4.0,10000,10.48644372539528
500,90,2.5,2.5,10000,10.47791233950163
50,150,2.5,3.0,10000,10.47380572883758
250,150,2.5,2.5,10000,10.433244152736776
450,60,1.0,2.5,10000,10.225371250598279
500,60,2.0,2.5,10000,10.14179703047245
200,90,1.0,2.5,10000,10.118545442263667
250,60,1.5,3.0,10000,10.0643957181967
50,90,1.0,4.0,10000,10.0321677682565
50,90,1.5,2.5,10000,9.925409340478975
100,150,1.0,2.5,10000,9.851314368873503
50,90,1.0,3.5,10000,9.760453829551459
350,60,1.5,3.0,10000,9.593533992127242
350,60,1.0,2.5,10000,9.354159863518205
450,60,2.0,3.5,10000,9.314385099361058
450,60,2.0,4.0,10000,9.314385099361058
150,90,1.0,2.5,10000,9.2412914942118
400,60,2.5,2.5,10000,9.210104215579001
50,150,0.5,2.5,10000,9.121174436943043
50,120,2.5,3.0,10000,9.082068532776425
100,120,1.0,2.5,10000,8.96945483688905
450,150,2.5,2.5,10000,8.96379819611668
150,90,0.5,2.5,10000,8.898827541588076
450,60,2.0,3.0,10000,8.742466345983512
300,60,1.5,4.0,10000,8.500136645489874
300,60,1.5,3.5,10000,8.500136645489874
300,60,1.0,2.5,10000,8.496359695724756
400,120,2.5,2.5,10000,8.353316629660448
200,90,0.5,2.5,10000,8.254350036761693
250,60,0.5,2.5,10000,8.225491789607972
350,60,2.0,3.5,10000,8.133349344141429
350,60,2.0,4.0,10000,8.133349344141429
100,90,2.5,4.0,10000,7.967215697551158
50,150,1.0,2.5,10000,7.94673964475605
100,90,0.5,4.0,10000,7.916057411424362
250,60,1.0,2.5,10000,7.831505081242362
450,90,2.5,2.5,10000,7.789895451060543
100,90,2.5,3.5,10000,7.674718997761321
250,90,2.5,3.0,10000,7.659918463803855
100,90,0.5,3.5,10000,7.656572535034762
300,60,1.5,3.0,10000,7.5074709564083975
400,60,1.5,2.5,10000,7.494492453510119
350,60,2.0,3.0,10000,7.398660443017345
100,90,1.0,3.0,10000,7.124677880017352
50,120,1.0,2.5,10000,7.094295160496088
400,60,2.0,2.5,10000,6.595563610068183
50,90,2.5,4.0,10000,6.53229805779285
150,150,2.5,2.5,10000,6.5256930869681895
200,90,2.5,4.0,10000,6.435899073948676
50,90,1.0,3.0,10000,6.346771053362332
50,90,2.5,3.5,10000,6.260340650398202
50,60,2.5,4.0,10000,6.207604849888856
200,90,2.5,3.5,10000,6.144417148217112
350,90,2.5,2.5,10000,6.133331091044264
50,60,2.5,3.5,10000,6.12983160615552
50,90,0.5,4.0,10000,6.037677399974939
200,150,2.5,2.5,10000,5.982271269391447
50,60,2.5,3.0,10000,5.966550775259993
50,90,0.5,3.5,10000,5.796585812097781
100,60,2.5,4.0,10000,5.442791052074323
200,60,0.5,4.0,10000,5.436390033532483
100,60,2.5,3.5,10000,5.358969458935636
200,60,0.5,3.5,10000,5.356628645018894
100,150,2.5,2.5,10000,5.267331175328351
450,60,0.5,2.5,10000,5.242969967473506
100,60,2.5,3.0,10000,5.180538600147482
200,60,1.5,4.0,10000,5.03465456508912
200,60,1.5,3.5,10000,4.953983777135811
300,90,2.5,2.5,10000,4.865690918190301
350,60,2.5,3.0,10000,4.8639447060545855
150,90,2.5,4.0,10000,4.789084486299313
450,120,2.5,2.5,10000,4.599853372828971
150,90,2.5,3.5,10000,4.4724974938595885
450,60,2.5,2.5,10000,4.4618825243530935
450,60,2.0,2.5,10000,4.339348832443502
50,150,2.5,2.5,10000,4.215426864681877
200,60,1.0,4.0,10000,4.189188945720183
350,60,2.5,4.0,10000,4.159508849884947
350,60,2.5,3.5,10000,4.159508849884947
200,60,1.0,3.5,10000,4.109046668646144
100,90,2.5,3.0,10000,4.074484858003359
100,90,0.5,3.0,10000,3.888202308901498
250,60,1.5,2.5,10000,3.8753600530199677
100,90,1.0,2.5,10000,3.781197868754276
200,90,2.5,3.0,10000,3.774010364682958
450,60,2.5,4.0,10000,3.622821814555664
450,60,2.5,3.5,10000,3.622821814555664
450,60,2.5,3.0,10000,3.5231566598798096
100,120,2.5,2.5,10000,3.279335706476978
50,90,1.0,2.5,10000,3.276196652546844
200,60,0.5,3.0,10000,3.029520356980889
150,120,2.5,2.5,10000,2.967898809532258
50,90,2.5,3.0,10000,2.929627840881679
450,60,1.5,2.5,10000,2.6641781767198367
50,120,2.5,2.5,10000,2.441980514481287
300,120,2.5,2.5,10000,2.3817521498272463
100,60,2.0,4.0,10000,2.365084765292224
100,60,2.0,3.5,10000,2.348258047932333
50,90,0.5,3.0,10000,2.30530688532464
150,90,2.5,3.0,10000,2.165991409290072
500,120,2.5,2.5,10000,2.1322222903173156
200,60,1.5,3.0,10000,1.9575597594637486
150,60,1.5,4.0,10000,1.8482294958249526
150,60,1.5,3.5,10000,1.814936430156422
200,60,2.5,4.0,10000,1.7519874846125205
200,60,2.5,3.5,10000,1.6755115706350914
200,60,1.0,3.0,10000,1.6585268007148244
250,90,2.5,2.5,10000,1.6099858918445697
150,60,0.5,4.0,10000,1.5082752334979475
150,60,0.5,3.5,10000,1.4755110174537336
250,120,2.5,2.5,10000,1.4623053205359469
200,60,2.5,3.0,10000,1.3596614521876944
300,60,1.5,2.5,10000,1.3559981360567832
350,120,2.5,2.5,10000,1.1794602518308004
100,60,1.5,4.0,10000,1.078965774279645
100,60,1.5,3.5,10000,1.0626457291019449
150,60,2.5,4.0,10000,0.912345770052756
350,60,1.5,2.5,10000,0.8878463105848837
350,60,2.5,2.5,10000,0.835816433887075
150,60,2.5,3.5,10000,0.8217994853394259
100,60,2.0,3.0,10000,0.7758330629583199
250,60,2.0,3.5,10000,0.743833235910131
250,60,2.0,4.0,10000,0.743833235910131
300,60,2.0,3.5,10000,0.7260753781142135
300,60,2.0,4.0,10000,0.7260753781142135
150,60,2.0,4.0,10000,0.670803906177305
150,60,2.0,3.5,10000,0.6355956165722461
150,60,2.5,3.0,10000,0.6259283015933903
350,60,2.0,2.5,10000,0.4711371101320445
50,60,2.5,2.5,10000,0.44223503284549537
100,90,0.5,2.5,10000,0.34293283723700085
300,60,2.0,3.0,10000,0.24384758671364182
200,60,2.0,4.0,10000,0.22747765431575218
200,60,2.0,3.5,10000,0.14831428554157
250,60,2.5,3.0,10000,-0.05367094948106654
250,60,2.0,3.0,10000,-0.26737994002558807
300,60,2.5,3.0,10000,-0.5135888561293811
50,60,2.0,4.0,10000,-0.622357853954913
50,60,2.0,3.5,10000,-0.6420820404421796
300,60,2.5,4.0,10000,-0.6448664418047159
300,60,2.5,3.5,10000,-0.6448664418047159
100,60,2.5,2.5,10000,-0.6495407424945725
150,60,1.5,3.0,10000,-0.6584883838004814
100,90,2.5,2.5,10000,-0.6920082321846834
150,60,0.5,3.0,10000,-0.726648453431288
150,60,1.0,4.0,10000,-0.788292912010391
150,60,1.0,3.5,10000,-0.8213027663270438
50,60,1.5,4.0,10000,-0.8759025857747815
50,60,1.5,3.5,10000,-0.8935387534083077
500,60,2.5,2.5,10000,-0.9432548138804862
50,90,0.5,2.5,10000,-0.9581262471716769
250,60,2.5,4.0,10000,-0.9858827301673934
250,60,2.5,3.5,10000,-0.9858827301673934
150,60,2.0,3.0,10000,-1.0654109320855767
100,60,1.5,3.0,10000,-1.2230446832626782
50,90,2.5,2.5,10000,-1.2526835284533888
200,60,0.5,2.5,10000,-1.468683109723841
200,60,2.0,3.0,10000,-1.8681728558321744
50,60,0.5,4.0,10000,-1.9190747392510517
50,60,0.5,3.5,10000,-1.933659072396864
150,90,2.5,2.5,10000,-2.080778623178384
500,60,2.5,3.0,10000,-2.1260510698778603
50,60,2.0,3.0,10000,-2.1697494336747987
200,120,2.5,2.5,10000,-2.3196604080934833
500,60,2.5,3.5,10000,-2.422685974398526
500,60,2.5,4.0,10000,-2.422685974398526
300,60,2.5,2.5,10000,-2.4929637843567143
200,90,2.5,2.5,10000,-2.591915302030836
50,60,1.5,3.0,10000,-3.0840470953016172
200,60,1.0,2.5,10000,-3.0845737997415483
150,60,1.0,3.0,10000,-3.138524200617539
150,60,2.5,2.5,10000,-3.5866404150610123
150,60,2.0,2.5,10000,-3.756708356129142
200,60,1.5,2.5,10000,-3.792109920909173
100,60,0.5,4.0,10000,-3.8080920447359716
100,60,0.5,3.5,10000,-3.823758331377718
50,60,0.5,3.0,10000,-3.8905817706882573
100,60,1.0,4.0,10000,-3.9780248302397823
100,60,1.0,3.5,10000,-3.9959867334943837
300,60,2.0,2.5,10000,-4.037309761219998
150,60,0.5,2.5,10000,-4.251757480487726
50,60,1.0,4.0,10000,-4.675409818029237
50,60,1.0,3.5,10000,-4.69212312027048
250,60,2.0,2.5,10000,-4.7223081039178325
100,60,2.0,2.5,10000,-4.8174337644230185
200,60,2.5,2.5,10000,-4.878913273806042
150,60,1.5,2.5,10000,-5.348335048716837
200,60,2.0,2.5,10000,-5.601482594378794
100,60,0.5,3.0,10000,-5.861107820039102
250,60,2.5,2.5,10000,-6.088533513367681
100,60,1.0,3.0,10000,-6.140313410336603
100,60,1.5,2.5,10000,-6.546872968863383
50,60,1.0,3.0,10000,-6.749670593831816
150,60,1.0,2.5,10000,-6.875438648470261
50,60,0.5,2.5,10000,-8.361100244387323
50,60,2.0,2.5,10000,-8.399575611357854
50,60,1.5,2.5,10000,-8.6803034344044
100,60,0.5,2.5,10000,-10.112840185316756
100,60,1.0,2.5,10000,-10.56531271218087
50,60,1.0,2.5,10000,-11.381860731927116
