LOOKBACK,ENTRY_THRESHOLD,STOP_LOSS_THRESHOLD,score
220,0.75,3.5,60.16317429225722
220,0.75,4.0,60.16317429225717
220,0.75,3.25,60.0331411931287
220,0.75,3.0,59.59571810201792
230,0.75,3.5,58.55375969747062
230,0.75,4.0,58.55375969747062
230,0.75,3.25,58.553759697470525
230,0.75,3.0,57.97748051874845
230,0.75,2.5,57.37812184026902
220,0.75,2.5,55.9049181493815
240,0.75,3.5,54.08748851236203
240,0.75,4.0,54.08748851236203
240,0.75,3.25,53.95822064910749
240,0.75,3.0,53.512242504191505
240,0.75,2.5,51.58409020984655
210,0.75,4.0,50.84258075289891
210,0.75,3.5,50.8425807528989
210,0.75,3.25,50.712921704286245
210,0.75,3.0,50.27673990831076
210,0.5,4.0,49.4782294291679
210,0.5,3.5,49.4782294291679
220,1.0,4.0,49.472897955631694
220,1.0,3.5,49.47289795563164
210,0.5,3.25,49.348377343854516
220,1.0,3.25,49.34581823787209
220,1.0,3.0,48.91447757791955
210,0.5,3.0,48.90914545867886
190,0.75,3.5,48.23477038499864
190,0.75,4.0,48.2347703849986
190,0.75,3.25,48.10791570778588
220,0.5,3.5,47.76044958439514
220,0.5,4.0,47.76044958439514
240,1.25,3.5,47.711272736245604
240,1.25,4.0,47.7112727362456
230,1.0,3.25,47.64857476446543
230,1.0,4.0,47.64857476446543
230,1.0,3.5,47.64857476446543
220,0.5,3.25,47.63066578379983
240,1.25,3.25,47.58474888052561
190,0.75,3.0,47.34937762665699
210,0.75,2.5,47.319998953501575
220,0.5,3.0,47.21433362073593
240,1.25,3.0,47.165195204019504
230,1.0,3.0,47.08936525783201
240,0.5,3.5,46.67191608104303
240,0.5,4.0,46.67191608104302
240,0.5,3.25,46.54297625577019
230,0.5,3.25,46.48992648167174
230,0.5,4.0,46.48992648167168
230,0.5,3.5,46.48992648167168
230,1.0,2.5,46.477414035794524
240,0.5,3.0,46.11826137087891
230,0.5,3.0,45.94523433455035
210,0.5,2.5,45.94350107125405
230,0.5,2.5,45.38080680816704
220,1.0,2.5,45.20898550938004
190,0.75,2.5,45.034144463076316
240,1.25,2.5,44.89217651505754
240,0.5,2.5,44.218413202541385
210,1.0,3.5,43.78112703220978
210,1.0,4.0,43.78112703220978
210,1.0,3.25,43.65422051855595
220,0.5,2.5,43.49283491903894
250,0.75,4.0,43.39438874170349
250,0.75,3.25,43.39438874170349
250,0.75,3.5,43.39438874170349
180,0.75,3.5,43.265659269389396
180,0.75,4.0,43.26565926938937
210,1.0,3.0,43.2236023393686
180,0.75,3.25,43.1385154956112
250,0.75,3.0,42.820279700939466
180,0.75,2.5,42.74414444876167
180,0.75,3.0,42.71080278723962
230,1.25,3.25,42.35087730901127
230,1.25,3.5,42.35087730901124
230,1.25,4.0,42.35087730901124
250,0.75,2.5,41.86311796113977
230,1.25,3.0,41.806098354276884
250,1.25,4.0,41.80465396363283
250,1.25,3.25,41.80465396363283
250,1.25,3.5,41.80465396363283
250,1.25,3.0,41.25947985344669
250,0.5,3.5,41.138399462048135
250,0.5,4.0,41.138399462048135
250,0.5,3.25,41.138399462048135
200,0.5,4.0,40.97099033172188
200,0.5,3.5,40.97099033172188
200,0.5,3.25,40.97099033172188
240,1.0,3.5,40.94433027728189
240,1.0,4.0,40.94433027728189
240,1.0,3.25,40.81776856964494
230,1.25,2.5,40.79533411932313
200,0.75,3.5,40.7880635536597
200,0.75,4.0,40.7880635536597
200,0.75,3.25,40.7880635536597
160,0.5,3.5,40.73547525834844
160,0.5,3.25,40.73547525834841
160,0.5,4.0,40.73547525834838
160,0.5,3.0,40.60595979385076
250,0.5,3.0,40.58668286847589
200,0.5,3.0,40.395058982549244
240,1.0,3.0,40.38642962387925
210,1.0,2.5,40.25373883056124
200,0.75,3.0,40.224403616192845
150,0.5,3.5,40.08424852445149
150,0.5,4.0,40.08424852445149
150,0.5,3.25,40.08424852445143
150,0.5,3.0,39.955890063472644
250,1.25,2.5,39.93193200013718
240,1.5,3.5,39.71563393980168
240,1.5,4.0,39.715633939801656
250,0.5,2.5,39.624639029194086
160,0.75,3.25,39.34609267141741
160,0.75,4.0,39.34609267141741
160,0.75,3.5,39.34609267141741
240,1.5,3.25,39.23729471481502
160,0.75,3.0,39.21691564713364
240,1.5,3.0,38.78408801716352
190,0.5,3.5,38.702643119025
190,0.5,4.0,38.702643119024906
190,0.5,3.25,38.5621215564311
240,1.0,2.5,38.49826038926824
180,0.5,4.0,38.042434796589724
180,0.5,3.5,38.042434796589724
180,0.5,3.25,37.90130765125938
190,0.5,3.0,37.79569588617422
250,1.0,4.0,37.76725901626932
250,1.0,3.5,37.76725901626932
250,1.0,3.25,37.76725901626932
180,0.5,2.5,37.59688033201684
180,0.5,3.0,37.470458851594564
150,0.5,2.5,37.4451196497711
200,0.5,2.5,37.28566009744957
250,1.0,3.0,37.200042343826084
200,0.75,2.5,37.14064687828552
160,0.5,2.5,37.059438253278145
240,1.5,2.5,36.67467523249745
250,1.0,2.5,36.243282375059735
150,0.75,3.25,35.98857342922121
150,0.75,3.5,35.98857342922121
150,0.75,4.0,35.98857342922121
150,0.75,3.0,35.858538592628534
160,0.75,2.5,35.65800199625971
190,0.5,2.5,35.50541742884831
230,1.75,3.25,35.373567853981946
230,1.75,4.0,35.37356785398192
230,1.75,3.5,35.37356785398192
130,0.75,3.0,34.93637328095022
130,0.75,3.25,34.89895015371556
130,0.75,3.5,34.898950153715504
130,0.75,4.0,34.898950153715504
230,1.75,3.0,34.48117578340238
220,1.75,3.5,34.23138634666755
220,1.75,4.0,34.231386346667534
220,1.75,3.25,33.75781089695559
230,1.75,2.5,33.44421993956726
220,1.75,3.0,33.339947106013916
150,0.75,2.5,33.32179760448559
200,1.5,3.25,33.169433450628965
200,1.5,4.0,33.16943345062896
200,1.5,3.5,33.16943345062896
180,1.0,4.0,32.96027996019614
180,1.0,3.5,32.96027996019614
180,1.0,3.25,32.833301465903375
130,1.0,3.0,32.65705960474875
130,1.0,4.0,32.61967895244693
130,1.0,3.25,32.6196789524469
130,1.0,3.5,32.6196789524469
200,1.5,3.0,32.59377126390689
180,1.0,3.0,32.4084813451085
180,1.0,2.5,32.380908714442
200,1.0,3.5,32.303836885417105
200,1.0,4.0,32.303836885417105
200,1.0,3.25,32.30383688541705
230,1.5,4.0,31.85381747934401
230,1.5,3.5,31.85381747934401
230,1.5,3.25,31.85381747934395
200,1.0,3.0,31.759290800108325
190,1.0,3.5,31.660933717377695
190,1.0,4.0,31.660933717377638
170,0.75,4.0,31.582458849070527
170,0.75,3.5,31.58245884907047
170,0.75,3.25,31.58245884907047
190,1.0,3.25,31.53389782548438
170,0.75,3.0,31.444437091403962
120,0.75,3.0,31.339327607653154
120,0.75,3.25,31.339327607653154
230,1.5,3.0,31.27597343611062
130,0.75,2.5,31.274058553732168
120,0.75,4.0,31.215978491328258
120,0.75,3.5,31.215978491328258
240,1.75,3.5,31.108916855633794
240,1.75,4.0,31.108916855633776
190,1.0,3.0,30.770053673736996
240,1.75,3.25,30.637940507144968
230,1.5,2.5,30.264048831286168
240,1.75,3.0,30.218558341109343
220,1.25,4.0,30.15607065246193
220,1.25,3.5,30.15607065246193
220,1.25,3.25,30.02998365293403
220,1.25,3.0,29.613758681569752
220,1.5,4.0,29.521083730041607
220,1.5,3.5,29.521083730041607
220,1.5,3.25,29.395619558887283
250,1.5,4.0,29.379747298072274
250,1.5,3.5,29.379747298072274
250,1.5,3.25,29.379747298072274
160,1.0,4.0,29.29253721308831
160,1.0,3.25,29.292537213088252
160,1.0,3.5,29.292537213088252
200,1.5,2.5,29.17787501400238
160,1.0,3.0,29.165995259397963
120,0.75,2.5,29.107006136807364
220,1.5,3.0,28.94593170672543
130,1.0,2.5,28.843787243446535
250,1.5,3.0,28.803831059785367
170,0.75,2.5,28.73410649228783
200,1.0,2.5,28.667566773835667
190,1.25,3.5,28.66055191479367
190,1.25,4.0,28.66055191479367
220,1.75,2.5,28.641112982369823
190,1.5,4.0,28.55297697132946
190,1.5,3.5,28.55297697132946
150,1.25,3.25,28.452650052056185
150,1.25,4.0,28.45265005205618
150,1.25,3.5,28.45265005205618
190,1.0,2.5,28.423716833598895
150,1.25,3.0,28.326301770548255
240,1.75,2.5,28.27143028039362
190,1.25,3.25,28.1795509520014
190,1.5,3.25,28.075704394402567
170,0.5,4.0,27.946705937342713
170,0.5,3.5,27.946705937342713
170,0.5,3.25,27.946705937342713
170,0.5,3.0,27.806011936653277
130,0.5,3.0,27.767287569051987
130,0.5,3.25,27.728918427405333
130,0.5,3.5,27.728918427405333
130,0.5,4.0,27.728918427405276
190,1.25,3.0,27.59643458205031
250,1.5,2.5,27.519779613343857
190,1.5,3.0,27.48378124670989
210,1.75,4.0,26.985539514160216
210,1.75,3.5,26.985539514160173
210,1.25,4.0,26.6661025374868
210,1.25,3.5,26.666102537486797
210,1.25,3.25,26.540257064261638
210,1.75,3.25,26.514193803640055
210,1.25,3.0,26.124985709302493
210,1.75,3.0,26.097688737109117
130,1.25,3.0,26.034338236245905
200,1.25,4.0,26.03127418408823
200,1.25,3.5,26.03127418408823
200,1.25,3.25,26.031274184088215
130,1.25,3.5,25.99598151702895
130,1.25,3.25,25.995981517028888
220,1.25,2.5,25.90999421862201
210,1.5,3.5,25.90288580293103
210,1.5,4.0,25.902885802930967
210,1.5,3.25,25.777582235515965
120,1.0,3.0,25.679570422311652
120,1.0,3.25,25.679570422311595
130,1.25,4.0,25.54172949202079
120,1.0,4.0,25.511671679418473
120,1.0,3.5,25.51167167941841
200,1.25,3.0,25.49107668790719
150,1.25,2.5,25.442647901541605
210,1.5,3.0,25.32867468545933
160,1.0,2.5,25.291523908505972
140,0.5,3.0,25.18308747873288
170,0.5,2.5,25.123953115891048
190,1.25,2.5,25.053815907048627
150,1.5,4.0,24.911524089487116
150,1.5,3.5,24.911524089487116
150,1.5,3.25,24.911524089487116
220,1.5,2.5,24.810190527025377
190,1.5,2.5,24.797881625657592
140,0.5,3.25,24.708470918534637
140,0.5,3.5,24.708470918534637
140,0.5,4.0,24.70847091853463
140,0.75,3.0,24.52223061337115
130,0.5,2.5,24.461820315213565
150,1.5,3.0,24.428869863747554
140,0.5,2.5,24.19404966832161
140,0.75,3.5,24.035868517807682
140,0.75,3.25,24.035868517807682
140,0.75,4.0,24.035868517807682
120,1.0,2.5,23.845115757777084
150,1.0,3.25,23.780631667423688
150,1.0,3.5,23.780631667423688
150,1.0,4.0,23.780631667423688
150,1.0,3.0,23.654046856294716
140,0.75,2.5,23.546066471238174
210,1.25,2.5,23.161294639252738
250,1.75,3.5,23.119308462052626
250,1.75,4.0,23.119308462052626
250,1.75,3.25,23.119308462052587
120,0.5,3.25,23.029865245028773
120,0.5,3.0,23.029865245028773
180,1.5,3.5,22.927410670769728
180,1.5,4.0,22.927410670769728
120,0.5,3.5,22.90696993762038
120,0.5,4.0,22.90696993762038
180,1.5,2.5,22.85400688468496
120,1.25,3.25,22.81550603886014
120,1.25,3.0,22.81550603886014
160,1.25,3.25,22.50601735685708
160,1.25,3.5,22.50601735685708
160,1.25,4.0,22.50601735685705
210,1.75,2.5,22.46263267738035
180,1.5,3.25,22.44513890546351
160,1.25,3.0,22.380297481941504
240,2.0,4.0,22.361206000508073
240,2.0,3.5,22.361206000508073
250,1.75,3.0,22.23172889234444
120,1.25,3.5,22.1315362590206
120,1.25,4.0,22.131536259020592
200,1.25,2.5,22.072775400840662
180,1.5,3.0,22.041647611887775
210,1.5,2.5,21.930502848861778
240,2.0,3.25,21.899058362512015
150,1.5,2.5,21.724239276222587
250,1.75,2.5,21.55906904738191
240,2.0,3.0,21.47908670528014
120,1.25,2.5,21.23041546261164
130,1.25,2.5,21.21598564444777
140,1.0,3.0,21.210740274895496
120,0.5,2.5,20.972359634501608
150,1.0,2.5,20.789835942945025
140,1.0,3.25,20.72740507506794
140,1.0,3.5,20.72740507506794
140,1.0,4.0,20.72740507506794
170,1.0,4.0,20.657817457444573
170,1.0,3.5,20.657817457444573
170,1.0,3.25,20.657817457444573
160,1.5,3.25,20.54367229196307
160,1.5,4.0,20.54367229196307
160,1.5,3.5,20.54367229196307
170,1.0,3.0,20.531734083912973
160,1.5,3.0,20.06856867229887
140,1.0,2.5,19.914638184666124
160,1.25,2.5,18.573487094523436
240,2.0,2.5,18.4607466121139
180,1.25,3.5,17.87160133170317
180,1.25,4.0,17.87160133170314
180,1.25,2.5,17.81746990395933
170,1.25,3.25,17.711173228031722
170,1.25,3.5,17.711173228031722
170,1.25,4.0,17.711173228031722
170,1.0,2.5,17.451278092287396
180,1.25,3.25,17.3863026072041
170,1.25,3.0,17.230572793506887
120,1.75,3.25,17.11593707128661
120,1.75,3.0,17.11593707128661
180,1.25,3.0,17.00932488510512
130,1.5,3.0,16.88679041290751
130,1.5,3.5,16.84785857553431
130,1.5,3.25,16.84785857553431
220,2.0,4.0,16.69189411046485
220,2.0,3.5,16.69189411046485
160,1.5,2.5,16.608192715345698
120,1.75,4.0,16.45599358375958
120,1.75,3.5,16.45599358375958
130,1.5,4.0,16.394766403536245
220,2.0,3.25,16.235816268350455
220,2.0,3.0,15.817915571948507
180,1.75,4.0,15.352751014821997
180,1.75,3.5,15.352751014821997
120,1.75,2.5,15.32211224615045
180,1.75,2.5,15.291153580413482
180,1.75,3.25,14.876631308427143
250,2.0,3.25,14.611449780483607
250,2.0,3.5,14.611449780483602
250,2.0,4.0,14.611449780483602
180,1.75,3.0,14.474731608361125
170,1.25,2.5,14.276226414310692
120,1.5,3.25,13.957824256786111
120,1.5,3.0,13.957824256786111
250,2.0,3.0,13.743611303582886
190,1.75,4.0,13.587078425545734
190,1.75,3.5,13.587078425545734
250,2.25,4.0,13.326145128024237
250,2.25,3.5,13.326145128024237
250,2.25,3.25,13.326145128024235
120,1.5,4.0,13.264216697049356
120,1.5,3.5,13.26421669704935
190,1.75,3.25,13.117685549857317
250,2.0,2.5,13.089979416377933
210,2.0,3.5,12.743988628221697
210,2.0,4.0,12.743988628221697
110,1.0,3.25,12.726971835993979
180,2.0,3.5,12.655689657071903
180,2.0,4.0,12.655689657071878
200,1.75,3.25,12.63952590443495
200,1.75,4.0,12.639525904434922
200,1.75,3.5,12.639525904434922
110,1.0,3.5,12.615679122132391
110,1.0,4.0,12.615679122132391
120,2.0,3.25,12.56435727081993
120,2.0,3.0,12.56435727081993
190,1.75,3.0,12.529127018263466
250,2.25,3.0,12.430011529297193
120,1.5,2.5,12.326169013988629
210,2.0,3.25,12.28446588875907
180,2.0,3.25,12.186522139605035
130,1.5,2.5,11.974684014145602
210,2.0,3.0,11.868872693710976
180,2.0,3.0,11.78565197387696
180,2.0,2.5,11.783399221211607
250,2.25,2.5,11.783118211332777
200,1.75,3.0,11.761613477340084
110,1.0,3.0,11.731735026610139
120,2.0,3.5,11.715581842826026
120,2.0,4.0,11.715581842826026
220,2.0,2.5,11.582546398524006
140,1.25,3.0,11.267212950032217
200,2.0,3.25,11.017420446430398
200,2.0,3.5,11.017420446430387
200,2.0,4.0,11.017420446430387
140,1.25,3.25,10.777657179715984
140,1.25,3.5,10.777657179715984
140,1.25,4.0,10.777657179715984
120,2.0,2.5,10.52492435637635
230,2.0,4.0,10.384331254491528
230,2.0,3.5,10.384331254491528
230,2.0,3.25,10.38433125449151
110,0.75,3.25,10.147398683017883
200,2.0,3.0,10.146893472072577
110,0.75,4.0,10.031010122334948
110,0.75,3.5,10.031010122334948
110,1.0,2.5,9.914734202344235
190,1.75,2.5,9.815917421620863
140,1.25,2.5,9.750417085733687
130,1.75,3.0,9.657940893308167
210,2.0,2.5,9.649266288996031
130,1.75,3.25,9.61865652833026
130,1.75,3.5,9.618656528330256
140,1.75,3.0,9.519508022664201
230,2.0,3.0,9.518753980576742
130,1.75,4.0,9.16640083261536
110,0.75,3.0,9.16132644924581
110,1.5,3.25,9.05839594011054
140,1.75,4.0,9.029414834563983
140,1.75,3.5,9.02941483456398
140,1.75,3.25,9.02941483456398
110,1.5,3.5,8.928485351093638
110,1.5,4.0,8.928485351093638
140,1.5,3.0,8.89326308786837
110,1.25,3.25,8.740386795173556
200,1.75,2.5,8.677134291366347
110,1.25,3.5,8.643615783480293
110,1.25,4.0,8.643615783480293
230,2.0,2.5,8.57745892058577
140,1.5,4.0,8.403310820941574
140,1.5,3.5,8.403310820941574
140,1.5,3.25,8.403310820941574
140,1.75,2.5,8.061501390242068
110,1.5,3.0,8.03156283707127
110,1.75,3.25,7.880186406593399
210,2.25,3.5,7.868310497564591
210,2.25,4.0,7.868310497564579
200,2.0,2.5,7.761736615902057
110,1.25,3.0,7.737106226360783
110,1.75,4.0,7.699626806875383
110,1.75,3.5,7.699626806875383
110,2.0,3.25,7.66744982979389
110,2.0,3.5,7.646058287275437
110,2.0,4.0,7.646058287275437
210,2.25,3.25,7.429436294998927
220,2.25,4.0,7.3913613564025304
220,2.25,3.5,7.391361356402522
140,1.5,2.5,7.348848254118799
110,0.75,2.5,7.089671386942584
210,2.25,3.0,7.0108663191425205
220,2.25,3.25,6.950719295347353
110,1.75,3.0,6.853917430307511
110,2.0,3.0,6.635430445598862
220,2.25,3.0,6.532745107119609
190,2.0,4.0,6.333013591193858
190,2.0,3.5,6.333013591193858
130,2.0,3.0,6.180782605252103
130,2.0,3.5,6.141806147171117
130,2.0,3.25,6.141806147171117
170,1.5,3.25,6.077481836684008
170,1.5,3.5,6.077481836684008
170,1.5,4.0,6.077481836684004
160,1.75,4.0,5.985357935043613
160,1.75,3.5,5.985357935043613
160,1.75,3.25,5.985357935043613
190,2.0,3.25,5.881265275722475
110,1.5,2.5,5.870152978654371
130,2.0,4.0,5.690249759590806
110,1.25,2.5,5.619252146189567
160,2.0,3.5,5.612199869403348
160,2.0,3.25,5.612199869403348
160,2.0,4.0,5.612199869403348
170,1.5,3.0,5.603889961978819
190,2.25,4.0,5.577901280029037
190,2.25,3.5,5.577901280029035
120,2.25,2.5,5.5429282687394466
160,1.75,3.0,5.499154582348524
110,2.25,3.25,5.33908558285443
110,2.25,3.5,5.312081845187404
110,2.25,4.0,5.312081845187404
190,2.0,3.0,5.289969170518495
160,2.0,3.0,5.129168750985782
190,2.25,3.25,5.101802892755213
120,2.25,3.25,5.064831183855754
120,2.25,3.0,5.064831183855741
200,2.25,2.5,4.988193273559375
110,2.25,2.5,4.90986675702638
130,1.75,2.5,4.872046926809389
160,2.25,4.0,4.8687255098792335
160,2.25,3.5,4.8687255098792335
160,2.25,3.25,4.8687255098792335
110,2.0,2.5,4.868589158890188
110,1.75,2.5,4.687954854952892
210,2.25,2.5,4.674377943446503
240,2.25,3.5,4.61479946762053
240,2.25,4.0,4.614799467620523
190,2.25,3.0,4.511758508178421
230,2.25,3.25,4.506560417022435
230,2.25,3.5,4.506560417022435
230,2.25,4.0,4.506560417022435
160,2.25,3.0,4.396091231580263
130,2.25,3.0,4.308150832362006
110,2.25,3.0,4.302831068983277
130,2.25,3.5,4.269603434103061
130,2.25,3.25,4.269603434103061
120,2.25,3.5,4.218694388622229
120,2.25,4.0,4.218694388622213
240,2.25,3.25,4.12779580681528
200,2.25,3.25,4.024411247463833
200,2.25,3.5,4.024411247463833
200,2.25,4.0,4.024411247463833
130,2.25,4.0,3.8783530968476985
180,2.25,3.5,3.8733519528968827
180,2.25,4.0,3.873351952896881
170,1.75,3.5,3.819101496001391
170,1.75,4.0,3.819101496001391
170,1.75,3.25,3.819101496001391
220,2.5,2.5,3.7469372678486774
240,2.25,3.0,3.7334818111759027
230,2.25,3.0,3.665771979063278
100,2.25,4.0,3.482102321476301
100,2.25,3.25,3.4821023214762796
100,2.25,3.5,3.482102321476267
180,2.25,3.25,3.401197767028096
170,1.75,3.0,3.351749923778531
100,2.25,3.0,3.180603589187191
160,2.5,3.25,3.169377932835461
160,2.5,3.5,3.169377932835461
160,2.5,4.0,3.169377932835461
200,2.25,3.0,3.13363893377835
190,2.25,2.5,3.0853892595132617
180,2.25,3.0,2.9837188811263786
150,2.0,4.0,2.9583458614364595
150,2.0,3.5,2.9583458614364595
150,2.0,3.25,2.958345861436456
170,1.5,2.5,2.756799541266396
160,2.5,3.0,2.7069451140261354
220,2.5,4.0,2.701441666783606
220,2.5,3.5,2.7014416667836043
150,2.0,3.0,2.4676284232837116
190,2.0,2.5,2.428077350619038
90,1.0,4.0,2.353707595884316
150,2.5,3.25,2.278972585482647
150,2.5,4.0,2.278972585482638
150,2.5,3.5,2.278972585482638
220,2.5,3.25,2.259685588369888
230,2.25,2.5,2.2256255522638178
160,1.75,2.5,1.8493903849498246
220,2.5,3.0,1.831189042508532
150,1.75,3.25,1.8301148845267932
150,1.75,4.0,1.8301148845267896
150,1.75,3.5,1.8301148845267896
150,2.5,3.0,1.8144541672681331
130,2.0,2.5,1.7381555840577736
130,2.25,2.5,1.6492352377473747
100,2.0,3.5,1.4667907706184469
100,2.0,4.0,1.4667907706184398
170,2.5,3.25,1.4014362984848585
170,2.5,4.0,1.4014362984848585
170,2.5,3.5,1.4014362984848585
150,1.75,3.0,1.3582340900782484
150,2.25,4.0,1.074418183861967
150,2.25,3.5,1.074418183861967
150,2.25,3.25,1.074418183861951
100,2.25,2.5,1.0564145076542264
240,2.5,2.5,1.0303300766497259
180,2.25,2.5,0.9825096372905993
170,2.5,3.0,0.938078705839029
200,2.5,3.25,0.7638260247282371
200,2.5,4.0,0.7638260247282371
200,2.5,3.5,0.7638260247282371
150,2.25,3.0,0.5873000568106796
240,2.5,4.0,0.5741084293079695
240,2.5,3.5,0.5741084293079686
170,2.0,4.0,0.5406975506585034
170,2.0,3.5,0.5406975506584466
170,2.0,3.25,0.5406975506584466
160,2.5,2.5,0.538221916647899
130,2.5,2.5,0.30635316186990735
160,2.0,2.5,0.2579245465725535
90,1.0,3.25,0.21321226689419248
90,1.0,3.0,0.21321226689416406
240,2.5,3.25,0.09776274711866062
100,2.0,3.25,0.0760319555267781
170,2.0,3.0,0.060135079430203575
240,2.25,2.5,-0.11293274702775857
200,2.75,3.0,-0.1145264116674456
250,2.75,2.5,-0.11607741311062558
200,2.5,3.0,-0.11918687005803541
240,3.0,2.5,-0.16478017001768064
250,3.0,2.5,-0.16478017001768108
220,3.0,2.5,-0.16478017001768108
210,3.0,2.5,-0.16478017001768153
220,2.25,2.5,-0.1974392391526827
100,2.0,3.0,-0.22559656402881245
200,2.75,4.0,-0.22908178708212823
200,2.75,3.5,-0.22908178708212823
200,2.75,3.25,-0.22908178708212823
90,1.0,3.5,-0.23480337625119674
240,3.25,2.5,-0.2643063136802271
220,3.25,2.5,-0.26430631368022733
210,3.25,2.5,-0.26430631368022806
220,2.75,2.5,-0.27393614657011867
240,2.75,2.5,-0.2899287698894333
240,2.5,3.0,-0.29028158952296845
120,3.5,4.0,-0.40879042284807676
120,3.5,3.5,-0.40879042284807676
120,3.5,3.0,-0.40879042284807676
120,3.5,3.25,-0.40879042284807676
200,2.75,2.5,-0.43197227127052296
210,2.5,4.0,-0.4673772071564164
210,2.5,3.5,-0.4673772071564164
150,2.0,2.5,-0.4862942006699704
180,3.0,2.5,-0.49631949981482354
180,3.5,2.5,-0.6002634803887986
180,3.5,3.25,-0.600263480388799
180,3.5,3.0,-0.6002634803887992
180,3.5,4.0,-0.6002634803887998
180,3.5,3.5,-0.6002634803887998
110,0.5,3.25,-0.6051946185454042
180,2.75,2.5,-0.6079666307018081
180,3.25,2.5,-0.6111635351262111
110,0.5,3.5,-0.70045220850416
110,0.5,4.0,-0.70045220850416
110,3.5,3.5,-0.7128792263494382
110,3.5,2.5,-0.7128792263494382
110,3.5,3.0,-0.7128792263494382
110,3.5,3.25,-0.7128792263494382
110,3.5,4.0,-0.7128792263494382
120,3.5,2.5,-0.7648508346322802
210,2.75,2.5,-0.7761634596877633
250,2.75,3.0,-0.7967885996036741
230,2.75,3.0,-0.8083543597170808
120,2.5,3.0,-0.8451576578780635
120,2.5,3.25,-0.8451576578780653
240,3.0,4.0,-0.8861793645401219
240,3.0,3.25,-0.8861793645401219
240,3.0,3.5,-0.8861793645401224
230,3.0,2.5,-0.9029096011236758
230,2.75,2.5,-0.9029096011236758
210,2.5,3.25,-0.9141338077401633
250,2.75,4.0,-0.9157292344770678
250,2.75,3.5,-0.9157292344770678
250,2.75,3.25,-0.9157292344770678
230,2.75,3.5,-0.9413590693605367
230,2.75,4.0,-0.9413590693605367
230,2.75,3.25,-0.9413590693605398
170,1.75,2.5,-0.9619026446108698
120,2.5,4.0,-0.9660708751641955
120,2.5,3.5,-0.9660708751642044
170,2.25,3.5,-0.9920533000667522
170,2.25,3.25,-0.9920533000667557
170,2.25,4.0,-0.9920533000667664
240,3.0,3.0,-1.0031929411615328
240,3.25,3.0,-1.0449645269772372
230,3.0,3.0,-1.0449645269772372
220,3.25,3.0,-1.0449645269772374
220,3.0,3.0,-1.0449645269772376
210,3.0,3.0,-1.0449645269772376
210,3.25,3.0,-1.044964526977238
250,3.0,3.0,-1.0449645269772392
250,2.5,4.0,-1.1039370805178974
250,2.5,3.5,-1.1039370805178974
250,2.5,3.25,-1.1039370805178974
170,2.5,2.5,-1.11687390772218
180,2.75,4.0,-1.132619177780895
180,2.75,3.5,-1.132619177780895
180,2.5,4.0,-1.1357140062830968
180,2.5,3.5,-1.1357140062831128
200,3.0,2.5,-1.1580498110523685
120,2.5,2.5,-1.206750766502708
230,2.5,3.25,-1.223654074430656
230,2.5,4.0,-1.223654074430657
230,2.5,3.5,-1.223654074430657
210,3.25,3.5,-1.2410459920972345
210,3.25,3.25,-1.2410459920972345
250,3.0,4.0,-1.2410459920972365
240,3.25,4.0,-1.2410459920972365
230,3.0,4.0,-1.241045992097237
220,3.0,3.5,-1.241045992097237
220,3.0,4.0,-1.241045992097237
220,3.25,3.5,-1.241045992097237
220,3.0,3.25,-1.241045992097237
230,3.0,3.5,-1.241045992097237
210,3.0,4.0,-1.241045992097237
210,3.25,4.0,-1.2410459920972372
220,3.25,4.0,-1.2410459920972372
240,3.25,3.25,-1.2410459920972374
230,3.0,3.25,-1.2410459920972374
250,3.0,3.5,-1.2410459920972379
250,3.0,3.25,-1.2410459920972379
210,3.0,3.5,-1.241045992097238
210,3.0,3.25,-1.241045992097238
240,3.25,3.5,-1.2410459920972383
220,3.25,3.25,-1.2410459920972388
190,3.0,2.5,-1.2424506884324287
150,2.75,3.25,-1.2766680162231365
150,2.75,3.5,-1.2766680162231365
150,2.75,4.0,-1.2766680162231365
170,3.0,2.5,-1.2903591915992876
190,3.25,2.5,-1.3051534282568908
230,2.5,2.5,-1.309499786122365
150,2.75,3.0,-1.3178931940789278
150,1.75,2.5,-1.3235970586264791
210,2.5,3.0,-1.3379484558488715
180,3.25,3.0,-1.3590912864479978
180,3.0,3.0,-1.359091286447998
190,2.75,3.5,-1.3630030739287617
190,2.75,4.0,-1.3630030739287617
190,2.5,3.5,-1.3687884837490785
190,2.5,4.0,-1.3687884837490802
180,2.75,3.0,-1.4144872436866902
190,2.75,2.5,-1.4210699749134115
200,3.25,4.0,-1.435150585131857
200,3.25,3.5,-1.435150585131857
200,3.25,3.25,-1.435150585131857
190,3.5,3.0,-1.4351505851318573
200,3.25,2.5,-1.4351505851318573
190,3.5,4.0,-1.4351505851318573
200,3.25,3.0,-1.4351505851318573
200,3.5,3.0,-1.4351505851318573
200,3.5,4.0,-1.4351505851318573
200,3.5,2.5,-1.4351505851318573
200,3.5,3.25,-1.4351505851318573
200,3.5,3.5,-1.4351505851318573
190,3.5,2.5,-1.4351505851318573
190,3.5,3.5,-1.4351505851318578
190,3.5,3.25,-1.4351505851318578
110,3.0,2.5,-1.4455026743777777
170,3.25,2.5,-1.448701972779637
170,3.5,2.5,-1.448701972779637
170,3.25,3.5,-1.4487019727796375
170,3.25,3.25,-1.4487019727796375
170,3.25,3.0,-1.4487019727796375
170,3.25,4.0,-1.4487019727796375
170,3.5,4.0,-1.448701972779638
170,3.5,3.5,-1.448701972779638
170,3.5,3.25,-1.448701972779638
170,3.5,3.0,-1.448701972779638
170,2.25,3.0,-1.467992430172501
180,3.25,3.5,-1.5198812517127729
180,3.25,4.0,-1.5198812517127733
180,3.25,3.25,-1.5198812517127738
180,3.0,3.25,-1.5198812517127753
180,3.0,4.0,-1.5198812517127758
180,3.0,3.5,-1.5198812517127758
180,2.75,3.25,-1.5525127281291722
170,3.0,3.25,-1.5708415205373834
170,3.0,3.0,-1.5708415205373834
170,3.0,3.5,-1.5708415205373834
170,3.0,4.0,-1.5708415205373834
110,0.5,3.0,-1.5914485993969834
100,2.5,3.25,-1.5917399117738267
100,2.5,4.0,-1.5917399117738267
100,2.5,3.5,-1.5917399117738267
240,2.75,4.0,-1.5986808967837476
240,2.75,3.5,-1.5986808967837507
180,2.5,3.25,-1.5993014254602116
230,2.5,3.0,-1.6137001400925084
110,3.0,4.0,-1.6193105019628926
110,3.0,3.5,-1.6193105019628926
110,3.0,3.25,-1.6193105019628926
170,2.75,2.5,-1.659074616432993
210,2.75,3.5,-1.7289624197081666
210,2.75,4.0,-1.7289624197081666
190,2.75,3.25,-1.7851161672447633
190,2.75,3.0,-1.8093132411088235
90,1.0,2.5,-1.829903691565896
190,2.5,3.25,-1.8355287880988094
110,3.25,2.5,-1.8541263868798477
100,2.5,3.0,-1.8893460541288034
240,2.75,3.0,-1.918567004935066
130,3.5,4.0,-1.9394524142440788
130,3.25,4.0,-1.9394524142440788
250,2.5,3.0,-1.9468563092422113
200,3.0,3.0,-1.9804149363047618
190,3.25,3.0,-1.9804149363047636
170,2.75,3.25,-2.0063367582362646
170,2.75,4.0,-2.0063367582362646
170,2.75,3.5,-2.0063367582362646
180,2.5,3.0,-2.0170489585967966
120,3.25,2.5,-2.0222198791575168
120,3.0,2.5,-2.0222198791575168
190,3.0,3.0,-2.0233315040249717
190,3.25,4.0,-2.026392937864128
200,3.0,3.25,-2.0263929378641294
200,3.0,3.5,-2.0263929378641294
200,3.0,4.0,-2.0263929378641294
190,3.25,3.25,-2.0263929378641308
190,3.25,3.5,-2.0263929378641317
170,2.75,3.0,-2.030679572871759
240,2.75,3.25,-2.045049442648324
130,2.5,4.0,-2.111949887755988
210,2.75,3.0,-2.1192284705683457
190,3.0,4.0,-2.137974231476265
190,3.0,3.25,-2.1379742314762704
190,3.0,3.5,-2.1379742314762713
130,2.5,3.0,-2.139303711480519
110,2.75,4.0,-2.148186588752245
110,2.75,3.5,-2.148186588752245
110,2.75,3.25,-2.148186588752245
130,2.5,3.25,-2.1769366886173875
130,2.5,3.5,-2.1769366886173875
190,2.5,2.5,-2.1912998449750285
210,2.75,3.25,-2.200563913457752
110,2.75,2.5,-2.209374001733713
90,1.25,3.25,-2.249830604176779
90,1.25,3.0,-2.2498306041768075
160,2.25,2.5,-2.2946049968579185
250,2.5,2.5,-2.341507811104594
190,2.5,3.0,-2.4226391688631663
150,3.0,2.5,-2.42841322612053
150,2.5,2.5,-2.5106818561606223
220,2.75,3.0,-2.6319803026529884
150,3.25,4.0,-2.6807304325405674
150,3.25,3.5,-2.6807304325405674
150,3.5,2.5,-2.6807304325405683
150,3.5,3.0,-2.6807304325405683
150,3.5,3.25,-2.6807304325405683
150,3.5,3.5,-2.6807304325405683
150,3.5,4.0,-2.6807304325405683
150,3.25,3.25,-2.6807304325405683
150,3.25,3.0,-2.6807304325405683
150,3.25,2.5,-2.6807304325405683
110,2.5,2.5,-2.6865962771721854
140,3.25,2.5,-2.70162521054983
140,3.25,3.0,-2.70162521054983
140,3.5,2.5,-2.70162521054983
140,3.5,3.0,-2.70162521054983
140,3.5,4.0,-2.7016252105498326
140,3.25,4.0,-2.7016252105498326
140,3.5,3.25,-2.7016252105498335
140,3.25,3.5,-2.7016252105498335
140,3.25,3.25,-2.7016252105498335
140,3.5,3.5,-2.7016252105498335
220,2.75,4.0,-2.732623197612301
220,2.75,3.5,-2.7326231976123267
220,2.75,3.25,-2.7326231976123267
130,2.75,2.5,-2.773518655479696
130,3.0,4.0,-2.776695517706508
160,3.0,3.5,-2.7831786648437866
160,3.0,3.25,-2.7831786648437866
160,3.0,4.0,-2.7831786648437875
160,3.25,3.25,-2.7856230485140157
160,3.25,3.5,-2.7856230485140157
160,3.25,4.0,-2.7856230485140157
100,2.5,2.5,-2.832830925540473
160,3.0,2.5,-2.852262066234786
120,3.25,3.0,-2.918235168058214
120,3.0,3.0,-2.918235168058215
110,2.5,3.25,-2.979092858089037
110,2.5,3.5,-3.021430748358166
110,2.5,4.0,-3.021430748358166
140,2.0,3.0,-3.0276456472266577
110,3.25,3.25,-3.0475314495104247
110,3.25,4.0,-3.0475314495104247
110,3.25,3.0,-3.0475314495104247
110,3.25,3.5,-3.0475314495104247
130,2.75,4.0,-3.058036801575814
110,0.5,2.5,-3.0675336454210473
130,2.75,3.0,-3.0700406952515324
160,3.25,2.5,-3.087649760611993
160,3.5,4.0,-3.0876497606119946
160,3.5,2.5,-3.087649760611995
160,3.5,3.5,-3.0876497606119955
160,3.5,3.25,-3.0876497606119955
160,3.5,3.0,-3.0876497606119955
160,3.25,3.0,-3.0876497606119973
160,2.75,2.5,-3.09868116737559
130,2.75,3.25,-3.106107176291788
130,2.75,3.5,-3.106107176291788
150,2.25,2.5,-3.123085264208532
90,1.25,4.0,-3.134499423992388
160,3.0,3.0,-3.1599957033521053
150,3.0,4.0,-3.165242614154314
150,3.0,3.5,-3.165242614154314
150,3.0,3.0,-3.165242614154319
150,3.0,3.25,-3.165242614154319
120,3.25,3.25,-3.3611580136519077
120,3.25,4.0,-3.3611580136519077
120,3.25,3.5,-3.3611580136519077
120,3.0,3.25,-3.361158013651917
120,3.0,3.5,-3.361158013651917
120,3.0,4.0,-3.361158013651917
210,2.5,2.5,-3.3821905611184384
90,1.25,3.5,-3.472695021009219
140,3.0,2.5,-3.507762507631517
140,3.0,3.0,-3.507762507631517
140,2.0,4.0,-3.513697135304362
140,2.0,3.25,-3.513697135304364
140,2.0,3.5,-3.513697135304364
160,2.75,3.0,-3.5663900274855416
160,2.75,3.25,-3.5921789760765686
160,2.75,4.0,-3.5921789760765686
160,2.75,3.5,-3.5921789760765686
140,2.25,3.0,-3.690564260013857
110,2.5,3.0,-3.7255716209251633
140,2.25,4.0,-3.7287660442608956
140,2.25,3.5,-3.7287660442608956
140,2.25,3.25,-3.7287660442608956
120,2.75,2.5,-3.8133080485004562
150,2.75,2.5,-3.859056048598961
100,0.75,4.0,-3.8909174788847274
170,2.25,2.5,-3.9313714476372486
140,2.5,3.0,-4.018002332738683
140,2.5,4.0,-4.05529528724511
140,2.5,3.5,-4.055295287245116
140,2.5,3.25,-4.055295287245116
110,3.0,3.0,-4.130984280654623
140,2.75,2.5,-4.161004052929425
170,2.0,2.5,-4.224001484279592
90,1.25,2.5,-4.2258058310762685
80,2.75,4.0,-4.31286614627354
130,3.25,2.5,-4.401458553753368
130,3.5,2.5,-4.401458553753368
130,3.25,3.25,-4.40145855375337
130,3.5,3.5,-4.40145855375337
130,3.5,3.25,-4.40145855375337
130,3.5,3.0,-4.40145855375337
130,3.25,3.0,-4.40145855375337
130,3.25,3.5,-4.40145855375337
140,3.0,3.5,-4.529752216069975
140,3.0,3.25,-4.529752216069975
140,3.0,4.0,-4.529752216069975
130,3.0,2.5,-4.531066210959172
130,3.0,3.0,-4.531066210959173
80,2.25,4.0,-4.532962607923636
110,2.75,3.0,-4.663386513234471
140,2.0,2.5,-4.682731106382976
140,2.75,3.0,-4.737396790595421
140,2.75,3.25,-4.772918856868906
140,2.75,3.5,-4.772918856868906
140,2.75,4.0,-4.772918856868906
130,3.0,3.25,-4.9056026015998775
130,3.0,3.5,-4.9056026015998855
100,0.75,3.5,-4.947228721647626
80,2.25,3.5,-5.004481682457161
140,2.5,2.5,-5.0340696915487655
120,2.75,3.0,-5.0433053667522
120,2.75,3.25,-5.043305366752207
180,2.5,2.5,-5.1490352688485315
120,2.75,3.5,-5.1636771840931885
120,2.75,4.0,-5.163677184093196
100,0.75,3.25,-5.182186946489157
80,2.75,3.5,-5.208689597553481
100,2.0,2.5,-5.215401475827207
100,3.0,3.0,-5.269147390894535
100,3.0,3.25,-5.26914739089456
100,3.0,3.5,-5.269147390894561
100,3.0,4.0,-5.269147390894564
80,2.25,3.0,-5.349918678286276
100,0.75,3.0,-5.4633776816067545
140,2.25,2.5,-5.488989410940953
80,2.25,3.25,-5.63152232425546
200,2.5,2.5,-5.691389637771854
70,3.25,3.0,-5.80280991710526
70,3.25,3.25,-5.802809917105267
70,3.25,2.5,-5.802809917105267
90,2.25,4.0,-5.826350304633236
80,3.25,4.0,-5.9223985110327595
100,2.75,2.5,-6.0808438814116945
100,2.75,3.0,-6.490312335535505
80,2.25,2.5,-6.666616808683778
100,3.0,2.5,-6.769368841847507
80,2.75,3.0,-6.827387070736472
80,2.75,3.25,-6.827387070736485
80,2.75,2.5,-6.827387070736499
40,1.5,4.0,-6.838983588196946
40,1.5,3.5,-6.839688802545382
100,2.75,4.0,-6.8777829155112595
100,2.75,3.5,-6.8777829155112595
100,2.75,3.25,-6.8777829155112595
40,1.5,3.0,-6.906418975960074
80,3.25,3.25,-6.922337040150045
80,3.25,3.5,-6.922337040150045
80,3.25,3.0,-6.922337040150048
80,3.25,2.5,-6.922337040150068
100,3.25,3.5,-6.939017802375463
100,3.25,4.0,-6.939017802375463
100,3.25,2.5,-6.939017802375463
100,3.25,3.0,-6.93901780237547
100,3.25,3.25,-6.93901780237547
80,3.0,4.0,-6.9926303563066226
90,2.25,3.25,-7.0296624320744066
90,2.25,3.0,-7.029662432074447
100,3.5,4.0,-7.036082313580021
100,3.5,3.0,-7.036082313580021
100,3.5,3.5,-7.036082313580021
100,3.5,3.25,-7.036082313580021
100,3.5,2.5,-7.036082313580021
80,2.5,4.0,-7.440647567158402
70,3.25,3.5,-7.555913196807967
80,3.5,4.0,-7.5685932841056305
70,3.0,2.5,-7.584252766707802
80,1.0,3.0,-7.702262575195782
40,1.5,2.5,-7.751325296105545
40,1.5,3.25,-7.813950449570202
70,2.75,2.5,-7.815778447939082
80,3.0,2.5,-7.984285383488353
80,3.0,3.0,-7.984285383488353
80,3.0,3.5,-7.984285383488354
80,3.0,3.25,-7.984285383488354
100,1.25,3.5,-8.018390416558738
100,1.25,4.0,-8.018390416558738
80,1.0,3.25,-8.025220311355877
80,1.0,3.5,-8.025220311355934
70,3.25,4.0,-8.03200599998742
70,2.75,3.0,-8.081531597323806
80,1.0,4.0,-8.089076977558204
70,3.5,3.0,-8.223883570647885
70,3.5,2.5,-8.223883570647887
70,3.5,3.25,-8.223883570647908
100,1.25,3.25,-8.255696357971328
80,2.5,3.5,-8.270675655102483
90,2.25,2.5,-8.292386351264721
100,1.75,3.5,-8.41327699934366
100,1.75,4.0,-8.41327699934366
70,3.0,3.0,-8.419664255538995
70,3.0,3.25,-8.419664255538995
90,2.25,3.5,-8.457510261281271
70,2.75,3.25,-8.500123398961765
100,1.25,3.0,-8.537960042012918
80,3.5,2.5,-8.557481954903183
80,3.5,3.5,-8.557481954903185
80,3.5,3.25,-8.557481954903185
80,3.5,3.0,-8.557481954903185
100,1.75,3.25,-8.653982213738553
80,0.75,3.0,-8.780474771337474
100,1.75,3.0,-8.963494263839372
90,2.75,4.0,-9.004798915906324
80,0.75,3.5,-9.078271243653539
80,0.75,3.25,-9.078271243653539
80,0.75,4.0,-9.21230839746963
90,2.75,2.5,-9.374284419476446
70,2.5,2.5,-9.470043429462592
70,2.5,3.0,-9.846859133458752
100,0.75,2.5,-9.869129161470134
80,2.5,3.25,-9.871184748266973
80,2.5,3.0,-9.871184748266977
70,3.5,3.5,-9.959250797234143
90,2.75,3.0,-10.096728253596355
90,2.75,3.25,-10.096728253596364
70,3.0,3.5,-10.155950711898232
70,2.5,3.25,-10.20926789694082
70,2.75,3.5,-10.230130904821443
70,2.0,2.5,-10.298693658114061
70,3.5,4.0,-10.315800575002136
90,1.75,4.0,-10.530685539036835
70,3.0,4.0,-10.641870817583651
70,2.0,4.0,-10.694578777210472
90,2.5,4.0,-10.716766752346482
70,2.75,4.0,-10.741489268464775
70,2.5,4.0,-10.815229812353252
80,0.75,2.5,-10.826829059282769
90,1.5,4.0,-10.86957335697641
50,1.0,3.0,-11.134163993271187
60,1.0,4.0,-11.20449764530023
90,2.75,3.5,-11.567317736402696
70,2.0,3.0,-11.635682876020747
70,2.0,3.25,-11.65946349125411
70,2.0,3.5,-11.706103863717116
90,3.5,4.0,-11.758487817052586
90,3.25,4.0,-11.758487817052595
80,1.0,2.5,-11.80572711256997
90,2.5,3.0,-11.825389691543059
90,2.5,3.25,-11.825389691543078
90,3.0,4.0,-11.904418198027575
70,2.5,3.5,-11.916076897102624
90,1.75,3.25,-12.02993251545533
90,1.75,3.0,-12.029932515455357
90,1.75,2.5,-12.045617683503666
100,1.25,2.5,-12.068840262830282
70,1.75,2.5,-12.108385582321514
70,1.0,3.5,-12.232532471503422
70,1.0,4.0,-12.232532471503422
50,1.0,3.5,-12.23375059994766
90,0.75,4.0,-12.310983657721476
90,1.5,3.0,-12.37938210464793
90,1.5,3.25,-12.379382104647979
50,1.0,4.0,-12.426796066100753
100,1.5,4.0,-12.494417346714153
100,1.5,3.5,-12.494417346714153
100,1.5,3.25,-12.733480214165558
100,1.75,2.5,-12.7827097239938
90,3.25,2.5,-12.814961428480332
90,3.5,2.5,-12.814961428480332
90,3.0,2.5,-12.828243955046794
70,1.0,3.25,-12.863419122319707
90,3.25,3.25,-12.864919194666985
90,3.5,3.25,-12.864919194666989
50,1.0,3.25,-12.876039579639874
90,3.5,3.0,-12.944133277224894
90,3.25,3.0,-12.944133277224896
90,3.0,3.0,-12.957045389650482
90,3.0,3.25,-12.957045389650496
50,1.5,3.0,-12.966517410801249
100,1.5,3.0,-13.042298843903545
80,2.5,2.5,-13.054877085173418
50,3.5,4.0,-13.153731587886504
60,1.0,3.25,-13.218062754429473
70,1.75,3.25,-13.247903109206973
90,2.5,3.5,-13.268154942033277
70,1.75,3.5,-13.293055797143516
70,1.75,4.0,-13.293055797143563
60,3.5,3.25,-13.305338558605158
60,3.5,3.5,-13.305338558605158
60,3.5,3.0,-13.305338558605165
90,1.75,3.5,-13.308632764497382
70,1.0,3.0,-13.335057213148604
60,3.5,4.0,-13.402197379834664
90,1.5,2.5,-13.411590128061114
50,1.5,4.0,-13.477352377557803
50,1.0,2.5,-13.489621289213513
60,1.0,3.5,-13.5092377724515
90,1.5,3.5,-13.615660744237086
100,1.0,4.0,-13.620981045827238
70,1.75,3.0,-13.680742477168595
90,2.5,2.5,-13.697181968973881
60,2.25,4.0,-13.784804198078966
60,1.0,3.0,-13.829555177130022
50,3.5,3.5,-13.937379124886384
60,3.5,2.5,-13.966754904793621
80,1.75,3.0,-14.181137340821376
60,2.25,2.5,-14.221017663056681
70,1.0,2.5,-14.247006521588224
50,1.5,3.5,-14.25121120802205
80,1.25,3.0,-14.2748507915067
90,3.25,3.5,-14.32322159978312
90,3.5,3.5,-14.323221599783125
30,3.5,3.5,-14.336692631783084
50,1.25,3.0,-14.361689180378024
80,1.75,3.5,-14.375332303209829
90,0.75,3.0,-14.404049355746068
90,0.75,3.25,-14.404049355746126
90,3.0,3.5,-14.468225672330927
80,1.75,3.25,-14.474709316042567
70,0.75,4.0,-14.54538710683027
70,0.75,3.5,-14.54538710683027
100,1.0,3.5,-14.55061304339166
80,1.25,3.5,-14.596503463161351
80,1.25,3.25,-14.596503463161367
80,2.0,3.0,-14.716882357332686
100,1.0,3.25,-14.786035088749879
50,1.5,3.25,-14.806213902813766
90,0.75,3.5,-14.853992376359043
80,2.0,3.5,-14.896629882576443
60,2.25,3.0,-14.973774987755087
80,2.0,3.25,-14.994568100137888
100,1.0,3.0,-15.058300643815253
60,2.25,3.5,-15.10940290129689
60,2.25,3.25,-15.10940290129692
30,3.5,4.0,-15.133234421785733
50,3.5,3.25,-15.183770810664544
50,3.5,3.0,-15.183770810664589
70,1.5,2.5,-15.221312094076833
40,1.75,3.5,-15.305819333149772
40,1.75,4.0,-15.309332795508505
100,0.5,4.0,-15.433804416187893
40,1.75,3.0,-15.45356030457546
70,0.75,3.0,-15.465289228126716
80,1.75,4.0,-15.481380348330731
30,3.5,3.25,-15.489220005920568
30,3.5,3.0,-15.489220005920568
70,0.75,3.25,-15.49497119441508
40,3.5,2.5,-15.574251687844338
80,1.75,2.5,-15.638980560763299
50,1.25,3.5,-15.679295757667019
30,3.25,3.5,-15.716334529393187
40,1.75,2.5,-15.840163321530335
50,1.25,4.0,-15.841347605715242
80,1.25,4.0,-15.910554615030222
70,0.75,2.5,-15.919322215947012
80,2.0,4.0,-15.931344324500913
40,3.5,3.25,-15.992933235221273
40,3.5,3.0,-15.992933235221273
60,3.25,3.0,-16.054176656525364
60,3.25,3.5,-16.054176656525367
60,3.25,3.25,-16.054176656525367
60,3.25,4.0,-16.126307828945937
50,1.25,3.25,-16.204418038144766
40,1.25,2.5,-16.238399314652185
80,2.0,2.5,-16.259813354308697
40,3.25,2.5,-16.31715878729279
60,3.0,2.5,-16.32318470224748
40,1.75,3.25,-16.32893180677382
100,0.5,3.5,-16.39663535611998
60,3.0,3.0,-16.402499935973612
70,1.5,3.25,-16.41527599980793
30,2.75,3.5,-16.45235414912844
70,1.5,4.0,-16.458288247433615
70,1.5,3.5,-16.458288247433615
40,3.5,3.5,-16.511917266510444
90,2.0,4.0,-16.516566981870202
60,0.5,4.0,-16.575291179302997
100,0.5,3.25,-16.61976137581444
30,3.5,2.5,-16.664592234509072
40,1.25,4.0,-16.67255067413735
40,1.25,3.5,-16.673401426162933
40,1.25,3.0,-16.69538686550748
90,0.75,2.5,-16.724551966528054
40,3.25,3.0,-16.734858006047553
40,3.25,3.25,-16.734858006047553
60,3.25,2.5,-16.741973140904847
50,3.5,2.5,-16.76782595171192
30,3.25,3.25,-16.8580814739382
30,3.25,3.0,-16.8580814739382
60,1.0,2.5,-16.861586497795663
70,1.25,4.0,-16.875287438221584
70,1.25,3.5,-16.875287438221587
70,1.5,3.0,-16.87785475146085
30,3.0,3.5,-16.879124115953225
100,0.5,3.0,-16.902054524294208
50,3.25,4.0,-16.92474502132844
100,1.5,2.5,-16.961573293116963
70,1.25,2.5,-16.97557475581356
60,2.75,4.0,-17.04842662356961
70,1.25,3.25,-17.18914781936033
30,2.75,3.0,-17.25056510440507
30,2.75,3.25,-17.25056510440507
40,3.25,3.5,-17.25136176513651
30,3.25,4.0,-17.449406478199144
40,1.25,3.25,-17.58873298646989
40,3.0,3.25,-17.60545087894289
40,3.0,3.0,-17.605450878942904
70,1.25,3.0,-17.6620243378187
30,3.0,3.0,-17.674302487132003
30,3.0,3.25,-17.674302487132003
70,0.5,4.0,-17.743287371358427
70,0.5,3.5,-17.743287371358456
50,3.25,3.5,-17.811931960233743
90,2.0,3.25,-17.900774205373228
90,2.0,3.0,-17.90077420537324
50,1.5,2.5,-17.98595492408875
30,3.25,2.5,-18.023074032606903
40,3.0,2.5,-18.097704857325937
40,3.0,3.5,-18.138607503394528
60,3.0,3.25,-18.21894138739004
60,3.0,3.5,-18.21894138739004
60,3.0,4.0,-18.266323353997002
90,2.0,2.5,-18.306413194849057
80,1.25,2.5,-18.405686539148483
30,2.75,4.0,-18.46961913216694
60,2.75,3.0,-18.47632892163529
60,0.5,3.25,-18.490790255601958
60,0.75,4.0,-18.54781201729982
60,2.75,3.5,-18.59147400533508
60,2.75,3.25,-18.59147400533508
30,3.0,4.0,-18.614148684570836
30,2.75,2.5,-18.651569789492896
70,0.5,3.0,-18.658516317042782
70,0.5,3.25,-18.682390182883104
80,1.5,3.0,-18.783615340668753
60,0.5,3.5,-18.814823251760576
50,2.25,4.0,-18.941729945612785
70,0.5,2.5,-18.955424509853096
50,3.25,3.25,-19.026903171620525
50,3.25,3.0,-19.02690317162058
80,1.5,3.25,-19.039593073303536
80,1.5,3.5,-19.039593073303557
30,3.0,2.5,-19.072216629375653
60,0.5,3.0,-19.12354393709702
50,1.25,2.5,-19.164080223908933
90,2.0,3.5,-19.283439149134434
50,2.25,3.0,-19.35965255789992
50,2.25,3.25,-19.359652557899935
50,2.25,3.5,-19.359652557899935
60,2.75,2.5,-19.360207050661714
100,1.0,2.5,-19.422734365967177
30,2.5,3.5,-19.471337976777733
60,2.0,2.5,-20.09163355390215
80,1.5,4.0,-20.352191763669808
60,0.75,3.25,-20.45005661541689
30,2.5,3.0,-20.509793572342872
30,2.5,3.25,-20.509793572342872
40,3.5,4.0,-20.535000539116467
40,2.5,2.5,-20.553246680800907
50,3.25,2.5,-20.55940712902887
70,2.25,2.5,-20.661307268391393
40,2.0,3.0,-20.76305987057937
60,0.75,3.5,-20.767414031010553
40,2.0,2.5,-20.92102428089799
40,2.75,2.5,-20.99054126513864
60,2.0,4.0,-21.049502836476
60,0.75,3.0,-21.08847534608904
60,0.5,2.5,-21.210300053553325
40,3.25,4.0,-21.266230987836295
50,3.0,4.0,-21.274379601972313
100,0.5,2.5,-21.349481770464422
30,2.25,3.5,-21.374329793539708
50,2.5,4.0,-21.441721822566432
30,2.5,4.0,-21.45486146983584
40,2.25,2.5,-21.484797592069448
40,2.0,3.25,-21.634487442716356
40,2.75,3.0,-21.69210956885577
70,2.25,4.0,-21.792999013602383
30,2.5,2.5,-21.825669834149537
40,2.25,3.0,-21.896831941635938
80,1.5,2.5,-22.03137748789456
50,2.5,3.0,-22.055872617373495
50,2.5,3.25,-22.055872617373524
50,2.5,3.5,-22.055872617373527
60,2.0,3.0,-22.056502182666016
40,3.0,4.0,-22.12203361130758
50,3.0,3.5,-22.174850163292987
60,2.0,3.25,-22.270837657552303
40,2.0,3.5,-22.40201278738987
70,2.25,3.0,-22.438781347690387
30,2.25,2.5,-22.491024084199687
40,2.0,4.0,-22.508858123738342
30,2.25,3.25,-22.54864529081526
30,2.25,3.0,-22.54864529081526
60,2.0,3.5,-22.565797430311715
40,2.75,3.25,-22.66669228486819
60,2.5,4.0,-22.709653723277018
70,2.25,3.25,-22.75708173974973
70,2.25,3.5,-22.806543328069687
40,2.25,3.25,-22.83040294024225
80,0.5,4.0,-22.909856506608833
30,2.25,4.0,-22.972891223463428
50,1.75,3.0,-22.998750880771052
50,3.0,3.0,-23.38035403080211
50,3.0,3.25,-23.38035403080211
50,2.75,4.0,-23.408287785928625
80,0.5,3.0,-23.5086558696405
30,1.75,3.5,-23.65070539252487
40,2.75,3.5,-23.672837801350653
60,0.75,2.5,-23.711654067417786
40,2.25,3.5,-23.762846452510274
80,0.5,3.5,-23.805698750926755
80,0.5,3.25,-23.805698750926783
40,2.25,4.0,-23.85018805170698
60,2.5,3.0,-23.927466491004274
60,1.25,4.0,-23.941766801430028
30,2.0,3.0,-23.973389515612787
60,2.5,3.25,-24.04116596862334
60,2.5,3.5,-24.041165968623346
30,2.0,3.5,-24.069928465029903
30,1.75,3.0,-24.16294284236584
30,1.75,4.0,-24.26829049901961
30,1.5,3.5,-24.27428610957487
50,2.75,3.5,-24.360179162216113
50,1.75,4.0,-24.367109028115927
30,1.5,4.0,-24.386471387534794
30,1.75,3.25,-24.429324142858178
30,1.5,3.0,-24.768769484805432
30,2.0,4.0,-24.791775385994853
40,2.5,3.0,-24.83039705291209
50,1.75,3.25,-24.843143351806916
50,1.75,3.5,-24.843143351806972
50,3.0,2.5,-24.899159535399598
30,1.5,3.25,-25.037827729056822
30,1.75,2.5,-25.268035196388112
80,0.5,2.5,-25.34576953938509
30,2.0,2.5,-25.495769863339298
30,1.5,2.5,-25.523016634251245
30,2.0,3.25,-25.53300541049498
50,2.75,3.25,-25.551681287857384
50,2.75,3.0,-25.551681287857384
90,0.5,4.0,-25.727638885677365
40,2.5,3.25,-25.78052931340137
60,1.25,3.25,-25.944183019791897
60,1.25,3.5,-26.228326513007918
60,1.25,3.0,-26.51979548062697
50,2.0,3.0,-26.725923303058796
40,2.5,3.5,-26.753376790644655
40,2.5,4.0,-26.833790092133505
50,2.25,2.5,-27.013357207593298
60,2.5,2.5,-27.07581099253543
50,2.0,4.0,-27.163168489826298
50,1.75,2.5,-27.24411412943959
40,2.75,4.0,-27.393886671979676
50,2.0,3.25,-27.520658721807713
50,2.0,3.5,-27.520658721807727
50,2.5,2.5,-27.54162909544457
50,2.75,2.5,-28.266387335693793
90,0.5,3.25,-28.637032412156938
90,0.5,3.0,-28.63703241215698
90,0.5,3.5,-29.075930602691464
60,1.75,2.5,-29.575774737997
60,1.25,2.5,-29.659346318323326
60,1.75,4.0,-29.773173961920364
50,0.75,3.0,-30.798590746585297
90,0.5,2.5,-30.937114319502697
50,0.75,3.5,-31.188323546448053
50,0.75,4.0,-31.35802151507015
60,1.75,3.0,-31.809490235342142
50,0.75,3.25,-31.825445073332574
30,1.25,4.0,-31.946689561834823
60,1.75,3.25,-31.999563892493523
60,1.75,3.5,-32.28704076716713
30,1.25,3.0,-32.81370171117533
50,0.75,2.5,-32.918719136335504
30,1.25,3.5,-32.942490096788845
30,1.25,2.5,-32.96576688169243
30,1.25,3.25,-33.226414961720025
50,2.0,2.5,-34.97138317960679
30,1.0,4.0,-35.47887224442469
60,1.5,4.0,-35.775596261584184
30,1.0,3.0,-37.4348800629825
30,1.0,3.5,-37.52504487209321
40,1.0,2.5,-37.831589337691895
30,1.0,3.25,-37.85296070928915
30,1.0,2.5,-37.93786609133426
40,1.0,3.0,-37.989576835140866
60,1.5,3.25,-38.206537753231345
60,1.5,3.5,-38.493770909922084
40,1.0,4.0,-38.59757185454987
60,1.5,3.0,-38.75501284686615
40,1.0,3.5,-38.84456760040887
40,1.0,3.25,-38.870107304144746
60,1.5,2.5,-40.64908929354918
30,0.75,4.0,-45.81505678487369
30,0.75,3.0,-47.62057507881322
30,0.75,3.5,-47.70106557760185
30,0.75,3.25,-48.038682694712065
30,0.75,2.5,-48.142196513612305
50,0.5,3.5,-49.453005256075684
50,0.5,4.0,-49.61430046396772
50,0.5,3.0,-50.24836399178055
50,0.5,3.25,-51.272407045008705
50,0.5,2.5,-53.02628422422413
30,0.5,4.0,-53.08372481463938
40,0.75,2.5,-53.90552061136451
30,0.5,3.5,-54.03481081381241
40,0.75,3.0,-54.09255323919736
30,0.5,3.0,-54.71782816708459
40,0.75,3.25,-54.98804601113169
30,0.5,3.25,-55.1365523164949
30,0.5,2.5,-55.13918538378456
40,0.75,3.5,-55.58689611061929
40,0.75,4.0,-55.604705610562405
40,0.5,2.5,-63.03614593738967
40,0.5,3.0,-63.19901646730905
40,0.5,3.5,-64.10040102216409
40,0.5,4.0,-64.10245903245641
40,0.5,3.25,-64.12608009552577
210,3.5,3.0,-inf
240,3.5,3.5,-inf
250,3.25,2.5,-inf
250,3.25,3.25,-inf
250,3.25,3.0,-inf
250,3.25,3.5,-inf
250,3.25,4.0,-inf
250,3.5,2.5,-inf
250,3.5,3.0,-inf
250,3.5,3.25,-inf
250,3.5,3.5,-inf
210,3.5,2.5,-inf
210,3.5,3.5,-inf
240,3.5,4.0,-inf
210,3.5,3.25,-inf
240,3.5,3.25,-inf
240,3.5,3.0,-inf
240,3.5,2.5,-inf
230,3.5,4.0,-inf
230,3.5,3.5,-inf
230,3.5,3.25,-inf
230,3.5,3.0,-inf
230,3.5,2.5,-inf
230,3.25,4.0,-inf
230,3.25,3.5,-inf
230,3.25,3.25,-inf
230,3.25,3.0,-inf
230,3.25,2.5,-inf
220,3.5,4.0,-inf
220,3.5,3.5,-inf
220,3.5,3.0,-inf
220,3.5,3.25,-inf
220,3.5,2.5,-inf
210,3.5,4.0,-inf
250,3.5,4.0,-inf
