HEDGE_ESTIMATOR,ADAPTIVE_START_DAY,POSITION_SIZE,OPTIMIZATION_TARGET,STATIC_PARAMS.HEDGE_ESTIMATOR,STATIC_PARAMS.ZSCORE_LOOKBACK,STATIC_PARAMS.ENTRY_THRESHOLD,STATIC_PARAMS.STOP_LOSS_THRESHOLD,STATIC_PARAMS.POSITION_SIZE,STATIC_PARAMS.ADAPTIVE_START_DAY,ADAPTIVE_PARAMS.HEDGE_ESTIMATOR,ADAPTIVE_PARAMS.ZSCORE_LOOKBACK,ADAPTIVE_PARAMS.ENTRY_THRESHOLD,ADAPTIVE_PARAMS.STOP_LOSS_THRESHOLD,ADAPTIVE_PARAMS.POSITION_SIZE,ADAPTIVE_PARAMS.ADAPTIVE_START_DAY,score
ols,501,10000,STATIC,ols,150,0.5,4.0,10000,501,ols,150,0.5,4.0,10000,501,45.09116057209026
ols,501,10000,STATIC,ols,150,0.5,3.5,10000,501,ols,150,0.5,3.5,10000,501,44.657398225448745
2sls,501,10000,STATIC,2sls,130,1.75,4.0,10000,501,2sls,130,1.75,4.0,10000,501,44.03408052410251
2sls,501,10000,STATIC,2sls,150,0.5,4.0,10000,501,2sls,150,0.5,4.0,10000,501,44.001889165651114
ols,501,10000,STATIC,ols,130,2.0,4.0,10000,501,ols,130,2.0,4.0,10000,501,43.860613432949044
2sls,501,10000,STATIC,2sls,130,2.25,4.0,10000,501,2sls,130,2.25,4.0,10000,501,43.76215110662567
2sls,501,10000,STATIC,2sls,130,1.75,3.5,10000,501,2sls,130,1.75,3.5,10000,501,43.640092140311495
2sls,501,10000,STATIC,2sls,150,0.5,3.5,10000,501,2sls,150,0.5,3.5,10000,501,43.5706167826328
ols,501,10000,STATIC,ols,130,2.0,3.5,10000,501,ols,130,2.0,3.5,10000,501,43.44996897909953
2sls,501,10000,STATIC,2sls,130,2.25,3.5,10000,501,2sls,130,2.25,3.5,10000,501,43.35070987802655
ols,501,10000,STATIC,ols,140,1.75,3.5,10000,501,ols,140,1.75,3.5,10000,501,43.316186233628954
ols,501,10000,STATIC,ols,140,1.75,4.0,10000,501,ols,140,1.75,4.0,10000,501,43.316186233628954
ols,501,10000,STATIC,ols,130,2.25,4.0,10000,501,ols,130,2.25,4.0,10000,501,43.30642241390849
ols,501,10000,STATIC,ols,130,2.25,3.5,10000,501,ols,130,2.25,3.5,10000,501,42.87966743361504
2sls,501,10000,STATIC,2sls,140,1.75,4.0,10000,501,2sls,140,1.75,4.0,10000,501,42.722372427525244
2sls,501,10000,STATIC,2sls,140,1.75,3.5,10000,501,2sls,140,1.75,3.5,10000,501,42.722372427525244
ols,501,10000,STATIC,ols,150,0.5,3.0,10000,501,ols,150,0.5,3.0,10000,501,42.67929674324318
2sls,501,10000,STATIC,2sls,130,2.0,4.0,10000,501,2sls,130,2.0,4.0,10000,501,42.422915188524414
ols,501,10000,STATIC,ols,150,0.75,4.0,10000,501,ols,150,0.75,4.0,10000,501,42.089479261306955
2sls,501,10000,STATIC,2sls,130,2.0,3.5,10000,501,2sls,130,2.0,3.5,10000,501,42.02767853992103
ols,501,10000,STATIC,ols,150,1.75,4.0,10000,501,ols,150,1.75,4.0,10000,501,41.92962506033167
ols,501,10000,STATIC,ols,130,1.75,4.0,10000,501,ols,130,1.75,4.0,10000,501,41.87952027749486
2sls,501,10000,STATIC,2sls,150,1.75,4.0,10000,501,2sls,150,1.75,4.0,10000,501,41.708808720329664
ols,501,10000,STATIC,ols,150,0.75,3.5,10000,501,ols,150,0.75,3.5,10000,501,41.6572048592899
2sls,501,10000,STATIC,2sls,150,0.5,3.0,10000,501,2sls,150,0.5,3.0,10000,501,41.59051404352658
ols,501,10000,STATIC,ols,150,1.75,3.5,10000,501,ols,150,1.75,3.5,10000,501,41.50439357890566
ols,501,10000,STATIC,ols,130,1.75,3.5,10000,501,ols,130,1.75,3.5,10000,501,41.470741482965494
2sls,501,10000,STATIC,2sls,150,1.75,3.5,10000,501,2sls,150,1.75,3.5,10000,501,41.285986812896475
2sls,501,10000,STATIC,2sls,130,1.75,3.0,10000,501,2sls,130,1.75,3.0,10000,501,41.254429586148
ols,501,10000,STATIC,ols,140,1.75,3.0,10000,501,ols,140,1.75,3.0,10000,501,41.22498912529893
2sls,501,10000,STATIC,2sls,150,0.75,4.0,10000,501,2sls,150,0.75,4.0,10000,501,40.445271137089684
2sls,501,10000,STATIC,2sls,140,1.75,3.0,10000,501,2sls,140,1.75,3.0,10000,501,40.25333452690752
2sls,501,10000,STATIC,2sls,140,0.75,3.5,10000,501,2sls,140,0.75,3.5,10000,501,40.0834068190933
2sls,501,10000,STATIC,2sls,140,0.75,4.0,10000,501,2sls,140,0.75,4.0,10000,501,40.0834068190933
2sls,501,10000,STATIC,2sls,150,0.75,3.5,10000,501,2sls,150,0.75,3.5,10000,501,40.01533091467003
ols,501,10000,STATIC,ols,130,1.5,4.0,10000,501,ols,130,1.5,4.0,10000,501,39.86722759696004
ols,501,10000,STATIC,ols,150,0.75,3.0,10000,501,ols,150,0.75,3.0,10000,501,39.75286874105928
ols,501,10000,STATIC,ols,150,1.75,3.0,10000,501,ols,150,1.75,3.0,10000,501,39.62391432707933
ols,501,10000,STATIC,ols,130,1.5,3.5,10000,501,ols,130,1.5,3.5,10000,501,39.469910391530405
2sls,501,10000,STATIC,2sls,150,1.75,3.0,10000,501,2sls,150,1.75,3.0,10000,501,39.403871479962305
ols,501,10000,STATIC,ols,140,1.5,3.5,10000,501,ols,140,1.5,3.5,10000,501,39.37705535244113
ols,501,10000,STATIC,ols,140,1.5,4.0,10000,501,ols,140,1.5,4.0,10000,501,39.37705535244113
2sls,501,10000,STATIC,2sls,130,2.25,3.0,10000,501,2sls,130,2.25,3.0,10000,501,39.11141066726067
ols,501,10000,STATIC,ols,130,2.0,3.0,10000,501,ols,130,2.0,3.0,10000,501,39.107494630357024
ols,501,10000,STATIC,ols,130,1.75,3.0,10000,501,ols,130,1.75,3.0,10000,501,39.09115712041243
ols,501,10000,STATIC,ols,140,0.75,4.0,10000,501,ols,140,0.75,4.0,10000,501,38.86511054381334
ols,501,10000,STATIC,ols,140,0.75,3.5,10000,501,ols,140,0.75,3.5,10000,501,38.86511054381334
ols,501,10000,STATIC,ols,130,2.25,3.0,10000,501,ols,130,2.25,3.0,10000,501,38.6484393957545
2sls,501,10000,STATIC,2sls,130,1.5,4.0,10000,501,2sls,130,1.5,4.0,10000,501,38.63177991421764
2sls,501,10000,STATIC,2sls,130,1.5,3.5,10000,501,2sls,130,1.5,3.5,10000,501,38.249803587837334
2sls,501,10000,STATIC,2sls,150,0.75,3.0,10000,501,2sls,150,0.75,3.0,10000,501,38.11410667944278
2sls,501,10000,STATIC,2sls,120,2.0,4.0,10000,501,2sls,120,2.0,4.0,10000,501,38.087363431752166
ols,501,10000,STATIC,ols,150,0.5,2.5,10000,501,ols,150,0.5,2.5,10000,501,37.88802920324371
2sls,501,10000,STATIC,2sls,140,1.5,4.0,10000,501,2sls,140,1.5,4.0,10000,501,37.77447682605268
2sls,501,10000,STATIC,2sls,140,1.5,3.5,10000,501,2sls,140,1.5,3.5,10000,501,37.77447682605268
2sls,501,10000,STATIC,2sls,140,0.5,3.5,10000,501,2sls,140,0.5,3.5,10000,501,37.73523678392479
2sls,501,10000,STATIC,2sls,140,0.5,4.0,10000,501,2sls,140,0.5,4.0,10000,501,37.73523678392479
ols,501,10000,STATIC,ols,120,2.0,4.0,10000,501,ols,120,2.0,4.0,10000,501,37.710357008301
2sls,501,10000,STATIC,2sls,120,2.0,3.5,10000,501,2sls,120,2.0,3.5,10000,501,37.69101934158658
2sls,501,10000,STATIC,2sls,130,2.0,3.0,10000,501,2sls,130,2.0,3.0,10000,501,37.673097340138966
ols,501,10000,STATIC,ols,140,2.0,4.0,10000,501,ols,140,2.0,4.0,10000,501,37.46583657024553
ols,501,10000,STATIC,ols,140,2.0,3.5,10000,501,ols,140,2.0,3.5,10000,501,37.46583657024553
2sls,501,10000,STATIC,2sls,140,0.75,3.0,10000,501,2sls,140,0.75,3.0,10000,501,37.421256879126844
ols,501,10000,STATIC,ols,120,2.0,3.5,10000,501,ols,120,2.0,3.5,10000,501,37.29882651372188
ols,501,10000,STATIC,ols,140,1.5,3.0,10000,501,ols,140,1.5,3.0,10000,501,37.24402300335437
ols,501,10000,STATIC,ols,150,1.5,4.0,10000,501,ols,150,1.5,4.0,10000,501,37.17911393664711
ols,501,10000,STATIC,ols,130,1.5,3.0,10000,501,ols,130,1.5,3.0,10000,501,37.16997901286038
2sls,501,10000,STATIC,2sls,140,2.0,4.0,10000,501,2sls,140,2.0,4.0,10000,501,37.11260946281668
2sls,501,10000,STATIC,2sls,140,2.0,3.5,10000,501,2sls,140,2.0,3.5,10000,501,37.11260946281668
2sls,501,10000,STATIC,2sls,150,1.5,4.0,10000,501,2sls,150,1.5,4.0,10000,501,36.950688964669055
ols,501,10000,STATIC,ols,130,2.25,2.5,10000,501,ols,130,2.25,2.5,10000,501,36.90531205832747
ols,501,10000,STATIC,ols,150,1.5,3.5,10000,501,ols,150,1.5,3.5,10000,501,36.76272633157012
ols,501,10000,STATIC,ols,140,0.75,3.0,10000,501,ols,140,0.75,3.0,10000,501,36.598332907834894
2sls,501,10000,STATIC,2sls,150,0.5,2.5,10000,501,2sls,150,0.5,2.5,10000,501,36.57839383139762
2sls,501,10000,STATIC,2sls,150,1.5,3.5,10000,501,2sls,150,1.5,3.5,10000,501,36.536645966862366
2sls,501,10000,STATIC,2sls,150,1.25,4.0,10000,501,2sls,150,1.25,4.0,10000,501,36.351404555767175
ols,501,10000,STATIC,ols,140,0.5,4.0,10000,501,ols,140,0.5,4.0,10000,501,36.247900776219105
ols,501,10000,STATIC,ols,140,0.5,3.5,10000,501,ols,140,0.5,3.5,10000,501,36.247900776219105
ols,501,10000,STATIC,ols,130,0.5,4.0,10000,501,ols,130,0.5,4.0,10000,501,36.2213235757354
ols,501,10000,STATIC,ols,120,1.75,4.0,10000,501,ols,120,1.75,4.0,10000,501,36.06181333792968
2sls,501,10000,STATIC,2sls,120,1.75,4.0,10000,501,2sls,120,1.75,4.0,10000,501,36.05124762411424
2sls,501,10000,STATIC,2sls,130,1.5,3.0,10000,501,2sls,130,1.5,3.0,10000,501,35.9441375459641
2sls,501,10000,STATIC,2sls,150,1.25,3.5,10000,501,2sls,150,1.25,3.5,10000,501,35.931032924655185
ols,501,10000,STATIC,ols,130,0.5,3.5,10000,501,ols,130,0.5,3.5,10000,501,35.826805550568025
2sls,501,10000,STATIC,2sls,120,2.0,3.0,10000,501,2sls,120,2.0,3.0,10000,501,35.754676454977
2sls,501,10000,STATIC,2sls,120,1.75,3.5,10000,501,2sls,120,1.75,3.5,10000,501,35.65749930914666
ols,501,10000,STATIC,ols,120,1.75,3.5,10000,501,ols,120,1.75,3.5,10000,501,35.65290715607076
2sls,501,10000,STATIC,2sls,130,0.5,4.0,10000,501,2sls,130,0.5,4.0,10000,501,35.63945244937193
2sls,501,10000,STATIC,2sls,130,1.75,2.5,10000,501,2sls,130,1.75,2.5,10000,501,35.471568747467884
ols,501,10000,STATIC,ols,140,2.0,3.0,10000,501,ols,140,2.0,3.0,10000,501,35.38893323085976
ols,501,10000,STATIC,ols,120,2.0,3.0,10000,501,ols,120,2.0,3.0,10000,501,35.35529658832632
2sls,501,10000,STATIC,2sls,140,1.5,3.0,10000,501,2sls,140,1.5,3.0,10000,501,35.26353737600088
2sls,501,10000,STATIC,2sls,130,0.5,3.5,10000,501,2sls,130,0.5,3.5,10000,501,35.25971615956407
2sls,501,10000,STATIC,2sls,140,0.5,3.0,10000,501,2sls,140,0.5,3.0,10000,501,35.07658107529759
ols,501,10000,STATIC,ols,150,1.5,3.0,10000,501,ols,150,1.5,3.0,10000,501,34.80538475617057
ols,501,10000,STATIC,ols,150,0.75,2.5,10000,501,ols,150,0.75,2.5,10000,501,34.803529159382386
ols,501,10000,STATIC,ols,150,1.75,2.5,10000,501,ols,150,1.75,2.5,10000,501,34.79882288981429
2sls,501,10000,STATIC,2sls,150,1.75,2.5,10000,501,2sls,150,1.75,2.5,10000,501,34.688464649509726
2sls,501,10000,STATIC,2sls,120,2.25,4.0,10000,501,2sls,120,2.25,4.0,10000,501,34.663814161913294
2sls,501,10000,STATIC,2sls,140,2.0,3.0,10000,501,2sls,140,2.0,3.0,10000,501,34.662787335143136
2sls,501,10000,STATIC,2sls,150,1.5,3.0,10000,501,2sls,150,1.5,3.0,10000,501,34.57389201687145
ols,501,10000,STATIC,ols,130,2.0,2.5,10000,501,ols,130,2.0,2.5,10000,501,34.491602763730214
ols,501,10000,STATIC,ols,130,1.75,2.5,10000,501,ols,130,1.75,2.5,10000,501,34.343562852659346
2sls,501,10000,STATIC,2sls,100,0.25,3.5,10000,501,2sls,100,0.25,3.5,10000,501,34.31923694019107
2sls,501,10000,STATIC,2sls,100,0.25,4.0,10000,501,2sls,100,0.25,4.0,10000,501,34.31923694019107
ols,501,10000,STATIC,ols,140,1.25,3.5,10000,501,ols,140,1.25,3.5,10000,501,34.279430952557135
ols,501,10000,STATIC,ols,140,1.25,4.0,10000,501,ols,140,1.25,4.0,10000,501,34.279430952557135
2sls,501,10000,STATIC,2sls,150,1.0,4.0,10000,501,2sls,150,1.0,4.0,10000,501,34.265270719320675
2sls,501,10000,STATIC,2sls,120,2.25,3.5,10000,501,2sls,120,2.25,3.5,10000,501,34.25220923386534
ols,501,10000,STATIC,ols,150,0.25,4.0,10000,501,ols,150,0.25,4.0,10000,501,34.17762983401511
2sls,501,10000,STATIC,2sls,80,0.75,4.0,10000,501,2sls,80,0.75,4.0,10000,501,34.17744358144427
2sls,501,10000,STATIC,2sls,150,1.25,3.0,10000,501,2sls,150,1.25,3.0,10000,501,33.99488378938786
ols,501,10000,STATIC,ols,140,0.5,3.0,10000,501,ols,140,0.5,3.0,10000,501,33.98365358994181
2sls,501,10000,STATIC,2sls,150,1.0,3.5,10000,501,2sls,150,1.0,3.5,10000,501,33.845010112451675
2sls,501,10000,STATIC,2sls,80,0.75,3.5,10000,501,2sls,80,0.75,3.5,10000,501,33.78296791364784
ols,501,10000,STATIC,ols,150,0.25,3.5,10000,501,ols,150,0.25,3.5,10000,501,33.742604542746705
2sls,501,10000,STATIC,2sls,120,1.75,3.0,10000,501,2sls,120,1.75,3.0,10000,501,33.72610131467685
ols,501,10000,STATIC,ols,120,1.75,3.0,10000,501,ols,120,1.75,3.0,10000,501,33.71415356241611
2sls,501,10000,STATIC,2sls,140,1.25,4.0,10000,501,2sls,140,1.25,4.0,10000,501,33.71194535881497
2sls,501,10000,STATIC,2sls,140,1.25,3.5,10000,501,2sls,140,1.25,3.5,10000,501,33.71194535881497
2sls,501,10000,STATIC,2sls,130,0.75,4.0,10000,501,2sls,130,0.75,4.0,10000,501,33.52737287179877
ols,501,10000,STATIC,ols,130,0.5,3.0,10000,501,ols,130,0.5,3.0,10000,501,33.502109580544364
ols,501,10000,STATIC,ols,130,0.75,4.0,10000,501,ols,130,0.75,4.0,10000,501,33.32953470300975
ols,501,10000,STATIC,ols,100,0.25,4.0,10000,501,ols,100,0.25,4.0,10000,501,33.306805832005324
ols,501,10000,STATIC,ols,100,0.25,3.5,10000,501,ols,100,0.25,3.5,10000,501,33.306805832005324
ols,501,10000,STATIC,ols,150,1.0,4.0,10000,501,ols,150,1.0,4.0,10000,501,33.151519918709795
2sls,501,10000,STATIC,2sls,130,0.75,3.5,10000,501,2sls,130,0.75,3.5,10000,501,33.14619039099325
ols,501,10000,STATIC,ols,140,1.75,2.5,10000,501,ols,140,1.75,2.5,10000,501,33.11792840577668
ols,501,10000,STATIC,ols,130,0.75,3.5,10000,501,ols,130,0.75,3.5,10000,501,32.9333343685869
2sls,501,10000,STATIC,2sls,130,0.5,3.0,10000,501,2sls,130,0.5,3.0,10000,501,32.93291559448622
2sls,501,10000,STATIC,2sls,150,0.75,2.5,10000,501,2sls,150,0.75,2.5,10000,501,32.873902048232864
2sls,501,10000,STATIC,2sls,110,2.0,3.5,10000,501,2sls,110,2.0,3.5,10000,501,32.78316333537046
2sls,501,10000,STATIC,2sls,110,2.0,4.0,10000,501,2sls,110,2.0,4.0,10000,501,32.78316333537046
ols,501,10000,STATIC,ols,150,1.0,3.5,10000,501,ols,150,1.0,3.5,10000,501,32.72914702339906
ols,501,10000,STATIC,ols,120,0.5,4.0,10000,501,ols,120,0.5,4.0,10000,501,32.675742978337844
ols,501,10000,STATIC,ols,150,1.25,4.0,10000,501,ols,150,1.25,4.0,10000,501,32.51372506501525
2sls,501,10000,STATIC,2sls,120,2.25,3.0,10000,501,2sls,120,2.25,3.0,10000,501,32.38614972737781
2sls,501,10000,STATIC,2sls,90,0.75,3.5,10000,501,2sls,90,0.75,3.5,10000,501,32.38590227153673
2sls,501,10000,STATIC,2sls,90,0.75,4.0,10000,501,2sls,90,0.75,4.0,10000,501,32.38590227153673
2sls,501,10000,STATIC,2sls,120,1.5,4.0,10000,501,2sls,120,1.5,4.0,10000,501,32.35918208952478
2sls,501,10000,STATIC,2sls,130,2.25,2.5,10000,501,2sls,130,2.25,2.5,10000,501,32.338567837646195
ols,501,10000,STATIC,ols,110,2.0,4.0,10000,501,ols,110,2.0,4.0,10000,501,32.32988130400754
ols,501,10000,STATIC,ols,110,2.0,3.5,10000,501,ols,110,2.0,3.5,10000,501,32.32988130400754
2sls,501,10000,STATIC,2sls,140,1.75,2.5,10000,501,2sls,140,1.75,2.5,10000,501,32.29368219676759
2sls,501,10000,STATIC,2sls,130,2.0,2.5,10000,501,2sls,130,2.0,2.5,10000,501,32.29220561107094
ols,501,10000,STATIC,ols,120,0.5,3.5,10000,501,ols,120,0.5,3.5,10000,501,32.281095567635326
ols,501,10000,STATIC,ols,140,1.75,2.0,10000,501,ols,140,1.75,2.0,10000,501,32.15096776759014
ols,501,10000,STATIC,ols,140,2.25,4.0,10000,501,ols,140,2.25,4.0,10000,501,32.12155116688241
ols,501,10000,STATIC,ols,140,2.25,3.5,10000,501,ols,140,2.25,3.5,10000,501,32.12155116688241
ols,501,10000,STATIC,ols,150,1.25,3.5,10000,501,ols,150,1.25,3.5,10000,501,32.0915159767431
2sls,501,10000,STATIC,2sls,80,2.0,4.0,10000,501,2sls,80,2.0,4.0,10000,501,32.06773958233071
ols,501,10000,STATIC,ols,140,1.25,3.0,10000,501,ols,140,1.25,3.0,10000,501,32.03620946997497
ols,501,10000,STATIC,ols,130,1.25,4.0,10000,501,ols,130,1.25,4.0,10000,501,32.02690447770814
2sls,501,10000,STATIC,2sls,120,1.5,3.5,10000,501,2sls,120,1.5,3.5,10000,501,31.980556320809626
ols,501,10000,STATIC,ols,80,0.75,4.0,10000,501,ols,80,0.75,4.0,10000,501,31.978517598573553
ols,501,10000,STATIC,ols,120,1.0,4.0,10000,501,ols,120,1.0,4.0,10000,501,31.95335678399507
2sls,501,10000,STATIC,2sls,150,1.0,3.0,10000,501,2sls,150,1.0,3.0,10000,501,31.95111939602434
2sls,501,10000,STATIC,2sls,150,0.25,4.0,10000,501,2sls,150,0.25,4.0,10000,501,31.903719764344245
2sls,501,10000,STATIC,2sls,130,1.25,4.0,10000,501,2sls,130,1.25,4.0,10000,501,31.871511678107105
ols,501,10000,STATIC,ols,130,1.5,2.5,10000,501,ols,130,1.5,2.5,10000,501,31.762296701078302
ols,501,10000,STATIC,ols,150,0.25,3.0,10000,501,ols,150,0.25,3.0,10000,501,31.755612243609527
ols,501,10000,STATIC,ols,130,1.0,4.0,10000,501,ols,130,1.0,4.0,10000,501,31.727438873354984
2sls,501,10000,STATIC,2sls,80,2.0,3.5,10000,501,2sls,80,2.0,3.5,10000,501,31.675497697839916
2sls,501,10000,STATIC,2sls,90,1.0,4.0,10000,501,2sls,90,1.0,4.0,10000,501,31.660468722571444
2sls,501,10000,STATIC,2sls,90,1.0,3.5,10000,501,2sls,90,1.0,3.5,10000,501,31.660468722571444
ols,501,10000,STATIC,ols,130,1.25,3.5,10000,501,ols,130,1.25,3.5,10000,501,31.631911056719346
ols,501,10000,STATIC,ols,120,1.5,4.0,10000,501,ols,120,1.5,4.0,10000,501,31.61800130013117
2sls,501,10000,STATIC,2sls,100,1.5,3.5,10000,501,2sls,100,1.5,3.5,10000,501,31.59681532929946
2sls,501,10000,STATIC,2sls,100,1.5,4.0,10000,501,2sls,100,1.5,4.0,10000,501,31.59681532929946
2sls,501,10000,STATIC,2sls,120,1.0,4.0,10000,501,2sls,120,1.0,4.0,10000,501,31.594220314757685
2sls,501,10000,STATIC,2sls,140,2.25,4.0,10000,501,2sls,140,2.25,4.0,10000,501,31.582641515294256
2sls,501,10000,STATIC,2sls,140,2.25,3.5,10000,501,2sls,140,2.25,3.5,10000,501,31.582641515294256
ols,501,10000,STATIC,ols,80,0.75,3.5,10000,501,ols,80,0.75,3.5,10000,501,31.568903214412074
ols,501,10000,STATIC,ols,120,1.0,3.5,10000,501,ols,120,1.0,3.5,10000,501,31.560934199318076
ols,501,10000,STATIC,ols,80,2.0,4.0,10000,501,ols,80,2.0,4.0,10000,501,31.55863043281351
2sls,501,10000,STATIC,2sls,110,1.5,3.5,10000,501,2sls,110,1.5,3.5,10000,501,31.525120952785123
2sls,501,10000,STATIC,2sls,110,1.5,4.0,10000,501,2sls,110,1.5,4.0,10000,501,31.525120952785123
2sls,501,10000,STATIC,2sls,130,1.25,3.5,10000,501,2sls,130,1.25,3.5,10000,501,31.49126748864895
2sls,501,10000,STATIC,2sls,150,0.25,3.5,10000,501,2sls,150,0.25,3.5,10000,501,31.47127207545917
ols,501,10000,STATIC,ols,130,1.0,3.5,10000,501,ols,130,1.0,3.5,10000,501,31.33634724327044
ols,501,10000,STATIC,ols,120,2.25,4.0,10000,501,ols,120,2.25,4.0,10000,501,31.28057254107956
2sls,501,10000,STATIC,2sls,100,0.25,3.0,10000,501,2sls,100,0.25,3.0,10000,501,31.257332290841653
ols,501,10000,STATIC,ols,150,2.25,4.0,10000,501,ols,150,2.25,4.0,10000,501,31.245364155853682
ols,501,10000,STATIC,ols,120,1.5,3.5,10000,501,ols,120,1.5,3.5,10000,501,31.22481269867763
2sls,501,10000,STATIC,2sls,120,1.0,3.5,10000,501,2sls,120,1.0,3.5,10000,501,31.216255380081968
ols,501,10000,STATIC,ols,100,1.5,3.5,10000,501,ols,100,1.5,3.5,10000,501,31.158124527125945
ols,501,10000,STATIC,ols,100,1.5,4.0,10000,501,ols,100,1.5,4.0,10000,501,31.158124527125945
ols,501,10000,STATIC,ols,80,2.0,3.5,10000,501,ols,80,2.0,3.5,10000,501,31.151334320263306
2sls,501,10000,STATIC,2sls,140,1.25,3.0,10000,501,2sls,140,1.25,3.0,10000,501,31.0854576065965
2sls,501,10000,STATIC,2sls,150,2.25,4.0,10000,501,2sls,150,2.25,4.0,10000,501,30.984700966817364
2sls,501,10000,STATIC,2sls,130,0.75,3.0,10000,501,2sls,130,0.75,3.0,10000,501,30.89374283386463
ols,501,10000,STATIC,ols,120,2.25,3.5,10000,501,ols,120,2.25,3.5,10000,501,30.85427568895207
ols,501,10000,STATIC,ols,150,1.0,3.0,10000,501,ols,150,1.0,3.0,10000,501,30.83802336434335
ols,501,10000,STATIC,ols,150,2.25,3.5,10000,501,ols,150,2.25,3.5,10000,501,30.83495303852633
2sls,501,10000,STATIC,2sls,140,1.75,2.0,10000,501,2sls,140,1.75,2.0,10000,501,30.829743355303787
ols,501,10000,STATIC,ols,130,0.75,3.0,10000,501,ols,130,0.75,3.0,10000,501,30.6859507585225
ols,501,10000,STATIC,ols,100,0.25,3.0,10000,501,ols,100,0.25,3.0,10000,501,30.582242467666944
2sls,501,10000,STATIC,2sls,150,2.25,3.5,10000,501,2sls,150,2.25,3.5,10000,501,30.576671899915368
ols,501,10000,STATIC,ols,80,1.0,4.0,10000,501,ols,80,1.0,4.0,10000,501,30.571120974337
2sls,501,10000,STATIC,2sls,80,0.75,3.0,10000,501,2sls,80,0.75,3.0,10000,501,30.544706350390157
2sls,501,10000,STATIC,2sls,120,0.5,4.0,10000,501,2sls,120,0.5,4.0,10000,501,30.537370537465627
2sls,501,10000,STATIC,2sls,130,1.0,4.0,10000,501,2sls,130,1.0,4.0,10000,501,30.48596717289366
ols,501,10000,STATIC,ols,120,0.5,3.0,10000,501,ols,120,0.5,3.0,10000,501,30.452475744594892
ols,501,10000,STATIC,ols,150,2.0,4.0,10000,501,ols,150,2.0,4.0,10000,501,30.42146151547693
ols,501,10000,STATIC,ols,110,1.5,4.0,10000,501,ols,110,1.5,4.0,10000,501,30.397054101534877
ols,501,10000,STATIC,ols,110,1.5,3.5,10000,501,ols,110,1.5,3.5,10000,501,30.397054101534877
2sls,501,10000,STATIC,2sls,80,1.0,4.0,10000,501,2sls,80,1.0,4.0,10000,501,30.37126516793907
2sls,501,10000,STATIC,2sls,130,1.75,2.0,10000,501,2sls,130,1.75,2.0,10000,501,30.337098108177134
2sls,501,10000,STATIC,2sls,110,1.75,3.5,10000,501,2sls,110,1.75,3.5,10000,501,30.22013769403367
2sls,501,10000,STATIC,2sls,110,1.75,4.0,10000,501,2sls,110,1.75,4.0,10000,501,30.22013769403367
2sls,501,10000,STATIC,2sls,150,2.0,4.0,10000,501,2sls,150,2.0,4.0,10000,501,30.173472370704864
ols,501,10000,STATIC,ols,90,1.0,4.0,10000,501,ols,90,1.0,4.0,10000,501,30.165382997715326
ols,501,10000,STATIC,ols,90,1.0,3.5,10000,501,ols,90,1.0,3.5,10000,501,30.165382997715326
ols,501,10000,STATIC,ols,80,1.0,3.5,10000,501,ols,80,1.0,3.5,10000,501,30.164198186829083
2sls,501,10000,STATIC,2sls,120,0.5,3.5,10000,501,2sls,120,0.5,3.5,10000,501,30.157897200612666
2sls,501,10000,STATIC,2sls,130,1.0,3.5,10000,501,2sls,130,1.0,3.5,10000,501,30.109455716337784
2sls,501,10000,STATIC,2sls,120,1.5,3.0,10000,501,2sls,120,1.5,3.0,10000,501,30.103756777520644
ols,501,10000,STATIC,ols,150,1.25,3.0,10000,501,ols,150,1.25,3.0,10000,501,30.09498487858152
ols,501,10000,STATIC,ols,150,1.5,2.5,10000,501,ols,150,1.5,2.5,10000,501,30.037341342019584
ols,501,10000,STATIC,ols,150,2.0,3.5,10000,501,ols,150,2.0,3.5,10000,501,30.016986802292553
2sls,501,10000,STATIC,2sls,80,1.0,3.5,10000,501,2sls,80,1.0,3.5,10000,501,29.97956747060153
2sls,501,10000,STATIC,2sls,90,0.75,3.0,10000,501,2sls,90,0.75,3.0,10000,501,29.89705430962686
ols,501,10000,STATIC,ols,140,2.25,3.0,10000,501,ols,140,2.25,3.0,10000,501,29.87126069738223
ols,501,10000,STATIC,ols,120,1.0,3.0,10000,501,ols,120,1.0,3.0,10000,501,29.778759622719257
2sls,501,10000,STATIC,2sls,150,2.0,3.5,10000,501,2sls,150,2.0,3.5,10000,501,29.771397596970086
ols,501,10000,STATIC,ols,70,2.0,4.0,10000,501,ols,70,2.0,4.0,10000,501,29.721396216068346
ols,501,10000,STATIC,ols,100,2.0,4.0,10000,501,ols,100,2.0,4.0,10000,501,29.717963331002636
ols,501,10000,STATIC,ols,100,2.0,3.5,10000,501,ols,100,2.0,3.5,10000,501,29.717963331002636
2sls,501,10000,STATIC,2sls,70,2.0,4.0,10000,501,2sls,70,2.0,4.0,10000,501,29.69516325332312
2sls,501,10000,STATIC,2sls,150,1.5,2.5,10000,501,2sls,150,1.5,2.5,10000,501,29.648628596828924
2sls,501,10000,STATIC,2sls,130,1.5,2.5,10000,501,2sls,130,1.5,2.5,10000,501,29.55434635046599
2sls,501,10000,STATIC,2sls,140,0.25,4.0,10000,501,2sls,140,0.25,4.0,10000,501,29.523242881580337
2sls,501,10000,STATIC,2sls,140,0.25,3.5,10000,501,2sls,140,0.25,3.5,10000,501,29.523242881580337
2sls,501,10000,STATIC,2sls,150,0.25,3.0,10000,501,2sls,150,0.25,3.0,10000,501,29.483262937656846
2sls,501,10000,STATIC,2sls,120,1.0,3.0,10000,501,2sls,120,1.0,3.0,10000,501,29.441193505590732
ols,501,10000,STATIC,ols,120,1.5,3.0,10000,501,ols,120,1.5,3.0,10000,501,29.33980728163511
ols,501,10000,STATIC,ols,130,1.25,3.0,10000,501,ols,130,1.25,3.0,10000,501,29.319766961518603
ols,501,10000,STATIC,ols,70,2.0,3.5,10000,501,ols,70,2.0,3.5,10000,501,29.273201410305212
2sls,501,10000,STATIC,2sls,140,0.75,2.5,10000,501,2sls,140,0.75,2.5,10000,501,29.266732550726474
ols,501,10000,STATIC,ols,90,0.75,4.0,10000,501,ols,90,0.75,4.0,10000,501,29.22488855306142
ols,501,10000,STATIC,ols,90,0.75,3.5,10000,501,ols,90,0.75,3.5,10000,501,29.22488855306142
2sls,501,10000,STATIC,2sls,90,1.0,3.0,10000,501,2sls,90,1.0,3.0,10000,501,29.21552846080813
ols,501,10000,STATIC,ols,140,1.0,3.5,10000,501,ols,140,1.0,3.5,10000,501,29.19351457604889
ols,501,10000,STATIC,ols,140,1.0,4.0,10000,501,ols,140,1.0,4.0,10000,501,29.19351457604889
2sls,501,10000,STATIC,2sls,130,1.25,3.0,10000,501,2sls,130,1.25,3.0,10000,501,29.173875115671954
2sls,501,10000,STATIC,2sls,150,1.25,2.5,10000,501,2sls,150,1.25,2.5,10000,501,29.10873350049375
ols,501,10000,STATIC,ols,80,0.75,3.0,10000,501,ols,80,0.75,3.0,10000,501,29.097063094021223
ols,501,10000,STATIC,ols,130,1.0,3.0,10000,501,ols,130,1.0,3.0,10000,501,29.080128212157582
ols,501,10000,STATIC,ols,120,2.25,3.0,10000,501,ols,120,2.25,3.0,10000,501,28.983767599229353
2sls,501,10000,STATIC,2sls,140,2.25,3.0,10000,501,2sls,140,2.25,3.0,10000,501,28.929765741891387
2sls,501,10000,STATIC,2sls,90,2.0,3.5,10000,501,2sls,90,2.0,3.5,10000,501,28.926129781931937
2sls,501,10000,STATIC,2sls,90,2.0,4.0,10000,501,2sls,90,2.0,4.0,10000,501,28.926129781931937
ols,501,10000,STATIC,ols,140,1.5,2.5,10000,501,ols,140,1.5,2.5,10000,501,28.894882325841067
2sls,501,10000,STATIC,2sls,70,2.0,3.5,10000,501,2sls,70,2.0,3.5,10000,501,28.854202406883754
2sls,501,10000,STATIC,2sls,110,0.25,3.5,10000,501,2sls,110,0.25,3.5,10000,501,28.825535962583245
2sls,501,10000,STATIC,2sls,110,0.25,4.0,10000,501,2sls,110,0.25,4.0,10000,501,28.825535962583245
ols,501,10000,STATIC,ols,150,2.25,3.0,10000,501,ols,150,2.25,3.0,10000,501,28.77804556388039
2sls,501,10000,STATIC,2sls,100,1.5,3.0,10000,501,2sls,100,1.5,3.0,10000,501,28.747293618018134
ols,501,10000,STATIC,ols,100,1.5,3.0,10000,501,ols,100,1.5,3.0,10000,501,28.66550277884506
2sls,501,10000,STATIC,2sls,80,2.0,3.0,10000,501,2sls,80,2.0,3.0,10000,501,28.595078769856766
2sls,501,10000,STATIC,2sls,150,2.25,3.0,10000,501,2sls,150,2.25,3.0,10000,501,28.51611653396755
ols,501,10000,STATIC,ols,80,2.0,3.0,10000,501,ols,80,2.0,3.0,10000,501,28.47275315147602
2sls,501,10000,STATIC,2sls,80,0.25,4.0,10000,501,2sls,80,0.25,4.0,10000,501,28.461187198473077
ols,501,10000,STATIC,ols,140,0.75,2.5,10000,501,ols,140,0.75,2.5,10000,501,28.447378709663333
ols,501,10000,STATIC,ols,130,0.5,2.5,10000,501,ols,130,0.5,2.5,10000,501,28.394403586382516
2sls,501,10000,STATIC,2sls,120,0.5,3.0,10000,501,2sls,120,0.5,3.0,10000,501,28.340988007408647
ols,501,10000,STATIC,ols,150,2.0,3.0,10000,501,ols,150,2.0,3.0,10000,501,28.208212091336478
ols,501,10000,STATIC,ols,140,0.25,4.0,10000,501,ols,140,0.25,4.0,10000,501,28.207354699370818
ols,501,10000,STATIC,ols,140,0.25,3.5,10000,501,ols,140,0.25,3.5,10000,501,28.207354699370818
2sls,501,10000,STATIC,2sls,140,1.0,3.5,10000,501,2sls,140,1.0,3.5,10000,501,28.157253175766016
2sls,501,10000,STATIC,2sls,140,1.0,4.0,10000,501,2sls,140,1.0,4.0,10000,501,28.157253175766016
ols,501,10000,STATIC,ols,110,1.75,4.0,10000,501,ols,110,1.75,4.0,10000,501,28.14313432711439
ols,501,10000,STATIC,ols,110,1.75,3.5,10000,501,ols,110,1.75,3.5,10000,501,28.14313432711439
ols,501,10000,STATIC,ols,70,2.0,3.0,10000,501,ols,70,2.0,3.0,10000,501,28.13423014986197
2sls,501,10000,STATIC,2sls,110,2.0,3.0,10000,501,2sls,110,2.0,3.0,10000,501,28.063969238418
2sls,501,10000,STATIC,2sls,80,0.25,3.5,10000,501,2sls,80,0.25,3.5,10000,501,28.050371733113295
ols,501,10000,STATIC,ols,110,2.0,3.0,10000,501,ols,110,2.0,3.0,10000,501,28.013690945046246
2sls,501,10000,STATIC,2sls,150,2.0,3.0,10000,501,2sls,150,2.0,3.0,10000,501,27.963670346282107
ols,501,10000,STATIC,ols,120,0.25,4.0,10000,501,ols,120,0.25,4.0,10000,501,27.92578008536558
2sls,501,10000,STATIC,2sls,80,1.25,4.0,10000,501,2sls,80,1.25,4.0,10000,501,27.8574101336918
2sls,501,10000,STATIC,2sls,130,1.0,3.0,10000,501,2sls,130,1.0,3.0,10000,501,27.84789567049726
2sls,501,10000,STATIC,2sls,90,1.5,3.5,10000,501,2sls,90,1.5,3.5,10000,501,27.81921316992726
2sls,501,10000,STATIC,2sls,90,1.5,4.0,10000,501,2sls,90,1.5,4.0,10000,501,27.81921316992726
2sls,501,10000,STATIC,2sls,110,1.25,4.0,10000,501,2sls,110,1.25,4.0,10000,501,27.79505208142629
2sls,501,10000,STATIC,2sls,110,1.25,3.5,10000,501,2sls,110,1.25,3.5,10000,501,27.79505208142629
ols,501,10000,STATIC,ols,90,1.0,3.0,10000,501,ols,90,1.0,3.0,10000,501,27.69803806492937
ols,501,10000,STATIC,ols,80,1.0,3.0,10000,501,ols,80,1.0,3.0,10000,501,27.674857181686107
ols,501,10000,STATIC,ols,110,0.25,3.5,10000,501,ols,110,0.25,3.5,10000,501,27.66854832829339
ols,501,10000,STATIC,ols,110,0.25,4.0,10000,501,ols,110,0.25,4.0,10000,501,27.66854832829339
2sls,501,10000,STATIC,2sls,80,0.5,4.0,10000,501,2sls,80,0.5,4.0,10000,501,27.617617272821718
2sls,501,10000,STATIC,2sls,70,2.0,3.0,10000,501,2sls,70,2.0,3.0,10000,501,27.58391671761353
2sls,501,10000,STATIC,2sls,90,0.75,2.5,10000,501,2sls,90,0.75,2.5,10000,501,27.58082298242136
ols,501,10000,STATIC,ols,140,1.5,2.0,10000,501,ols,140,1.5,2.0,10000,501,27.57759201001364
ols,501,10000,STATIC,ols,120,1.25,4.0,10000,501,ols,120,1.25,4.0,10000,501,27.54794635897015
ols,501,10000,STATIC,ols,120,0.25,3.5,10000,501,ols,120,0.25,3.5,10000,501,27.52619817869394
2sls,501,10000,STATIC,2sls,80,1.25,3.5,10000,501,2sls,80,1.25,3.5,10000,501,27.469133526541214
ols,501,10000,STATIC,ols,90,1.5,3.5,10000,501,ols,90,1.5,3.5,10000,501,27.410856433806266
ols,501,10000,STATIC,ols,90,1.5,4.0,10000,501,ols,90,1.5,4.0,10000,501,27.410856433806266
2sls,501,10000,STATIC,2sls,110,1.5,3.0,10000,501,2sls,110,1.5,3.0,10000,501,27.386996673374917
ols,501,10000,STATIC,ols,80,0.25,4.0,10000,501,ols,80,0.25,4.0,10000,501,27.342330506935312
2sls,501,10000,STATIC,2sls,80,0.5,3.5,10000,501,2sls,80,0.5,3.5,10000,501,27.22157246582716
ols,501,10000,STATIC,ols,100,2.0,3.0,10000,501,ols,100,2.0,3.0,10000,501,27.20722233205236
ols,501,10000,STATIC,ols,110,1.25,3.5,10000,501,ols,110,1.25,3.5,10000,501,27.183507608570416
ols,501,10000,STATIC,ols,110,1.25,4.0,10000,501,ols,110,1.25,4.0,10000,501,27.183507608570416
2sls,501,10000,STATIC,2sls,140,1.5,2.5,10000,501,2sls,140,1.5,2.5,10000,501,27.164852279961966
ols,501,10000,STATIC,ols,120,1.25,3.5,10000,501,ols,120,1.25,3.5,10000,501,27.15212366088945
2sls,501,10000,STATIC,2sls,140,0.5,2.5,10000,501,2sls,140,0.5,2.5,10000,501,27.151161288475677
2sls,501,10000,STATIC,2sls,90,0.25,3.5,10000,501,2sls,90,0.25,3.5,10000,501,27.14030594872439
2sls,501,10000,STATIC,2sls,90,0.25,4.0,10000,501,2sls,90,0.25,4.0,10000,501,27.14030594872439
2sls,501,10000,STATIC,2sls,100,2.0,3.5,10000,501,2sls,100,2.0,3.5,10000,501,27.12802196341285
2sls,501,10000,STATIC,2sls,100,2.0,4.0,10000,501,2sls,100,2.0,4.0,10000,501,27.12802196341285
ols,501,10000,STATIC,ols,100,0.5,3.5,10000,501,ols,100,0.5,3.5,10000,501,27.053476277059254
ols,501,10000,STATIC,ols,100,0.5,4.0,10000,501,ols,100,0.5,4.0,10000,501,27.053476277059254
ols,501,10000,STATIC,ols,140,1.0,3.0,10000,501,ols,140,1.0,3.0,10000,501,27.018958452603393
ols,501,10000,STATIC,ols,150,0.25,2.5,10000,501,ols,150,0.25,2.5,10000,501,26.969397646964985
ols,501,10000,STATIC,ols,120,1.75,2.5,10000,501,ols,120,1.75,2.5,10000,501,26.932755965347674
ols,501,10000,STATIC,ols,70,1.75,4.0,10000,501,ols,70,1.75,4.0,10000,501,26.927101561338603
ols,501,10000,STATIC,ols,80,0.25,3.5,10000,501,ols,80,0.25,3.5,10000,501,26.915602073622722
2sls,501,10000,STATIC,2sls,70,1.75,4.0,10000,501,2sls,70,1.75,4.0,10000,501,26.91482726613077
2sls,501,10000,STATIC,2sls,90,1.0,2.5,10000,501,2sls,90,1.0,2.5,10000,501,26.895067442901762
ols,501,10000,STATIC,ols,150,2.25,2.5,10000,501,ols,150,2.25,2.5,10000,501,26.877130349562677
2sls,501,10000,STATIC,2sls,140,0.25,3.0,10000,501,2sls,140,0.25,3.0,10000,501,26.856313693063328
2sls,501,10000,STATIC,2sls,120,1.75,2.5,10000,501,2sls,120,1.75,2.5,10000,501,26.841438440458404
2sls,501,10000,STATIC,2sls,150,1.0,2.5,10000,501,2sls,150,1.0,2.5,10000,501,26.80845774506819
2sls,501,10000,STATIC,2sls,130,0.5,2.5,10000,501,2sls,130,0.5,2.5,10000,501,26.805475554815544
2sls,501,10000,STATIC,2sls,80,1.0,3.0,10000,501,2sls,80,1.0,3.0,10000,501,26.723439922489426
ols,501,10000,STATIC,ols,90,0.75,3.0,10000,501,ols,90,0.75,3.0,10000,501,26.712314112334518
2sls,501,10000,STATIC,2sls,140,1.5,2.0,10000,501,2sls,140,1.5,2.0,10000,501,26.70669939347012
2sls,501,10000,STATIC,2sls,140,0.75,2.0,10000,501,2sls,140,0.75,2.0,10000,501,26.69595672867228
2sls,501,10000,STATIC,2sls,110,0.5,3.5,10000,501,2sls,110,0.5,3.5,10000,501,26.652554729917455
2sls,501,10000,STATIC,2sls,110,0.5,4.0,10000,501,2sls,110,0.5,4.0,10000,501,26.652554729917455
2sls,501,10000,STATIC,2sls,100,0.25,2.5,10000,501,2sls,100,0.25,2.5,10000,501,26.647876547855546
2sls,501,10000,STATIC,2sls,120,0.25,4.0,10000,501,2sls,120,0.25,4.0,10000,501,26.52454583639303
2sls,501,10000,STATIC,2sls,120,1.25,4.0,10000,501,2sls,120,1.25,4.0,10000,501,26.519592186573156
ols,501,10000,STATIC,ols,70,1.75,3.5,10000,501,ols,70,1.75,3.5,10000,501,26.469345424261576
2sls,501,10000,STATIC,2sls,150,2.25,2.5,10000,501,2sls,150,2.25,2.5,10000,501,26.283022419207615
2sls,501,10000,STATIC,2sls,90,2.0,3.0,10000,501,2sls,90,2.0,3.0,10000,501,26.23061530450409
ols,501,10000,STATIC,ols,140,2.0,2.5,10000,501,ols,140,2.0,2.5,10000,501,26.227480926206525
ols,501,10000,STATIC,ols,110,1.5,3.0,10000,501,ols,110,1.5,3.0,10000,501,26.225410160119225
2sls,501,10000,STATIC,2sls,120,0.25,3.5,10000,501,2sls,120,0.25,3.5,10000,501,26.140120480746653
2sls,501,10000,STATIC,2sls,120,1.25,3.5,10000,501,2sls,120,1.25,3.5,10000,501,26.13849469212181
2sls,501,10000,STATIC,2sls,110,1.75,3.0,10000,501,2sls,110,1.75,3.0,10000,501,26.087899366139197
ols,501,10000,STATIC,ols,80,0.5,4.0,10000,501,ols,80,0.5,4.0,10000,501,26.086329955342634
ols,501,10000,STATIC,ols,100,1.25,4.0,10000,501,ols,100,1.25,4.0,10000,501,26.081121396362633
ols,501,10000,STATIC,ols,100,1.25,3.5,10000,501,ols,100,1.25,3.5,10000,501,26.081121396362633
2sls,501,10000,STATIC,2sls,70,1.75,3.5,10000,501,2sls,70,1.75,3.5,10000,501,26.067714899483292
ols,501,10000,STATIC,ols,110,1.0,4.0,10000,501,ols,110,1.0,4.0,10000,501,26.03008358037937
ols,501,10000,STATIC,ols,110,1.0,3.5,10000,501,ols,110,1.0,3.5,10000,501,26.03008358037937
ols,501,10000,STATIC,ols,140,0.5,2.5,10000,501,ols,140,0.5,2.5,10000,501,25.967024288582834
ols,501,10000,STATIC,ols,150,1.0,2.5,10000,501,ols,150,1.0,2.5,10000,501,25.965541496825985
ols,501,10000,STATIC,ols,140,0.25,3.0,10000,501,ols,140,0.25,3.0,10000,501,25.933588767643997
ols,501,10000,STATIC,ols,90,2.0,3.5,10000,501,ols,90,2.0,3.5,10000,501,25.92007380571238
ols,501,10000,STATIC,ols,90,2.0,4.0,10000,501,ols,90,2.0,4.0,10000,501,25.92007380571238
2sls,501,10000,STATIC,2sls,110,1.0,3.5,10000,501,2sls,110,1.0,3.5,10000,501,25.87081440597433
2sls,501,10000,STATIC,2sls,110,1.0,4.0,10000,501,2sls,110,1.0,4.0,10000,501,25.87081440597433
ols,501,10000,STATIC,ols,140,0.75,2.0,10000,501,ols,140,0.75,2.0,10000,501,25.843176090790557
2sls,501,10000,STATIC,2sls,90,0.5,4.0,10000,501,2sls,90,0.5,4.0,10000,501,25.832807364669605
2sls,501,10000,STATIC,2sls,90,0.5,3.5,10000,501,2sls,90,0.5,3.5,10000,501,25.832807364669605
2sls,501,10000,STATIC,2sls,80,0.75,2.5,10000,501,2sls,80,0.75,2.5,10000,501,25.82589280115836
ols,501,10000,STATIC,ols,100,0.25,2.5,10000,501,ols,100,0.25,2.5,10000,501,25.80025603944106
ols,501,10000,STATIC,ols,80,1.25,4.0,10000,501,ols,80,1.25,4.0,10000,501,25.778195590611567
ols,501,10000,STATIC,ols,120,0.25,3.0,10000,501,ols,120,0.25,3.0,10000,501,25.696672343230766
ols,501,10000,STATIC,ols,80,0.5,3.5,10000,501,ols,80,0.5,3.5,10000,501,25.675273937551317
2sls,501,10000,STATIC,2sls,140,1.0,3.0,10000,501,2sls,140,1.0,3.0,10000,501,25.608973523228116
2sls,501,10000,STATIC,2sls,140,2.0,2.5,10000,501,2sls,140,2.0,2.5,10000,501,25.58373809988514
ols,501,10000,STATIC,ols,130,0.75,2.5,10000,501,ols,130,0.75,2.5,10000,501,25.55507983081103
ols,501,10000,STATIC,ols,100,1.0,3.5,10000,501,ols,100,1.0,3.5,10000,501,25.552774398082825
ols,501,10000,STATIC,ols,100,1.0,4.0,10000,501,ols,100,1.0,4.0,10000,501,25.552774398082825
ols,501,10000,STATIC,ols,120,1.75,2.0,10000,501,ols,120,1.75,2.0,10000,501,25.545870261459665
ols,501,10000,STATIC,ols,100,1.75,4.0,10000,501,ols,100,1.75,4.0,10000,501,25.527096706055588
ols,501,10000,STATIC,ols,100,1.75,3.5,10000,501,ols,100,1.75,3.5,10000,501,25.527096706055588
2sls,501,10000,STATIC,2sls,90,1.5,3.0,10000,501,2sls,90,1.5,3.0,10000,501,25.50014036607108
ols,501,10000,STATIC,ols,150,1.25,2.5,10000,501,ols,150,1.25,2.5,10000,501,25.45499435768575
ols,501,10000,STATIC,ols,120,1.25,3.0,10000,501,ols,120,1.25,3.0,10000,501,25.38754566539715
ols,501,10000,STATIC,ols,80,1.25,3.5,10000,501,ols,80,1.25,3.5,10000,501,25.375172346838482
2sls,501,10000,STATIC,2sls,100,1.25,4.0,10000,501,2sls,100,1.25,4.0,10000,501,25.375029392797124
2sls,501,10000,STATIC,2sls,100,1.25,3.5,10000,501,2sls,100,1.25,3.5,10000,501,25.375029392797124
ols,501,10000,STATIC,ols,70,1.75,3.0,10000,501,ols,70,1.75,3.0,10000,501,25.367043743526402
2sls,501,10000,STATIC,2sls,100,1.0,3.5,10000,501,2sls,100,1.0,3.5,10000,501,25.351666122542653
2sls,501,10000,STATIC,2sls,100,1.0,4.0,10000,501,2sls,100,1.0,4.0,10000,501,25.351666122542653
ols,501,10000,STATIC,ols,90,1.0,2.5,10000,501,ols,90,1.0,2.5,10000,501,25.314309786002887
2sls,501,10000,STATIC,2sls,100,1.75,3.5,10000,501,2sls,100,1.75,3.5,10000,501,25.29211320652742
2sls,501,10000,STATIC,2sls,100,1.75,4.0,10000,501,2sls,100,1.75,4.0,10000,501,25.29211320652742
2sls,501,10000,STATIC,2sls,100,0.5,3.5,10000,501,2sls,100,0.5,3.5,10000,501,25.282027116034342
2sls,501,10000,STATIC,2sls,100,0.5,4.0,10000,501,2sls,100,0.5,4.0,10000,501,25.282027116034342
ols,501,10000,STATIC,ols,110,0.5,4.0,10000,501,ols,110,0.5,4.0,10000,501,25.239822281496956
ols,501,10000,STATIC,ols,110,0.5,3.5,10000,501,ols,110,0.5,3.5,10000,501,25.239822281496956
2sls,501,10000,STATIC,2sls,80,1.75,4.0,10000,501,2sls,80,1.75,4.0,10000,501,25.224060908584363
2sls,501,10000,STATIC,2sls,90,1.75,3.5,10000,501,2sls,90,1.75,3.5,10000,501,25.102860602171333
2sls,501,10000,STATIC,2sls,90,1.75,4.0,10000,501,2sls,90,1.75,4.0,10000,501,25.102860602171333
2sls,501,10000,STATIC,2sls,120,0.75,4.0,10000,501,2sls,120,0.75,4.0,10000,501,25.09627220363428
ols,501,10000,STATIC,ols,80,1.75,4.0,10000,501,ols,80,1.75,4.0,10000,501,25.079893061876767
ols,501,10000,STATIC,ols,90,1.5,3.0,10000,501,ols,90,1.5,3.0,10000,501,25.0788955968685
2sls,501,10000,STATIC,2sls,140,2.25,2.5,10000,501,2sls,140,2.25,2.5,10000,501,24.971601453625045
2sls,501,10000,STATIC,2sls,140,0.5,2.0,10000,501,2sls,140,0.5,2.0,10000,501,24.934766803667323
2sls,501,10000,STATIC,2sls,80,0.25,3.0,10000,501,2sls,80,0.25,3.0,10000,501,24.89904459849825
2sls,501,10000,STATIC,2sls,80,1.75,3.5,10000,501,2sls,80,1.75,3.5,10000,501,24.827777954209754
2sls,501,10000,STATIC,2sls,70,1.75,3.0,10000,501,2sls,70,1.75,3.0,10000,501,24.759517785210903
2sls,501,10000,STATIC,2sls,120,0.75,3.5,10000,501,2sls,120,0.75,3.5,10000,501,24.720309972257134
2sls,501,10000,STATIC,2sls,90,0.25,3.0,10000,501,2sls,90,0.25,3.0,10000,501,24.715602812178908
ols,501,10000,STATIC,ols,80,1.75,3.5,10000,501,ols,80,1.75,3.5,10000,501,24.668344496855497
ols,501,10000,STATIC,ols,90,0.25,4.0,10000,501,ols,90,0.25,4.0,10000,501,24.567856838135143
ols,501,10000,STATIC,ols,90,0.25,3.5,10000,501,ols,90,0.25,3.5,10000,501,24.567856838135143
ols,501,10000,STATIC,ols,80,0.25,3.0,10000,501,ols,80,0.25,3.0,10000,501,24.53923644076609
2sls,501,10000,STATIC,2sls,130,0.75,2.5,10000,501,2sls,130,0.75,2.5,10000,501,24.518461655468712
2sls,501,10000,STATIC,2sls,110,0.25,3.0,10000,501,2sls,110,0.25,3.0,10000,501,24.514032371386236
2sls,501,10000,STATIC,2sls,150,0.25,2.5,10000,501,2sls,150,0.25,2.5,10000,501,24.48987984104587
ols,501,10000,STATIC,ols,130,1.75,2.0,10000,501,ols,130,1.75,2.0,10000,501,24.48333078583253
ols,501,10000,STATIC,ols,90,1.75,4.0,10000,501,ols,90,1.75,4.0,10000,501,24.462571495944545
ols,501,10000,STATIC,ols,90,1.75,3.5,10000,501,ols,90,1.75,3.5,10000,501,24.462571495944545
2sls,501,10000,STATIC,2sls,80,1.5,4.0,10000,501,2sls,80,1.5,4.0,10000,501,24.45666682797114
ols,501,10000,STATIC,ols,120,0.75,4.0,10000,501,ols,120,0.75,4.0,10000,501,24.45360973197498
2sls,501,10000,STATIC,2sls,120,1.25,3.0,10000,501,2sls,120,1.25,3.0,10000,501,24.38029750961931
ols,501,10000,STATIC,ols,90,0.75,2.5,10000,501,ols,90,0.75,2.5,10000,501,24.32404699691483
2sls,501,10000,STATIC,2sls,120,0.25,3.0,10000,501,2sls,120,0.25,3.0,10000,501,24.300982521329423
ols,501,10000,STATIC,ols,100,0.5,3.0,10000,501,ols,100,0.5,3.0,10000,501,24.264922563906673
ols,501,10000,STATIC,ols,80,1.5,4.0,10000,501,ols,80,1.5,4.0,10000,501,24.207944292905275
2sls,501,10000,STATIC,2sls,130,0.25,4.0,10000,501,2sls,130,0.25,4.0,10000,501,24.194757786407187
ols,501,10000,STATIC,ols,110,2.25,3.5,10000,501,ols,110,2.25,3.5,10000,501,24.17841007437912
ols,501,10000,STATIC,ols,110,2.25,4.0,10000,501,ols,110,2.25,4.0,10000,501,24.17841007437912
2sls,501,10000,STATIC,2sls,80,1.25,3.0,10000,501,2sls,80,1.25,3.0,10000,501,24.172670479976055
ols,501,10000,STATIC,ols,140,2.25,2.5,10000,501,ols,140,2.25,2.5,10000,501,24.139337302111194
ols,501,10000,STATIC,ols,130,1.25,2.5,10000,501,ols,130,1.25,2.5,10000,501,24.126520493092734
ols,501,10000,STATIC,ols,130,0.25,4.0,10000,501,ols,130,0.25,4.0,10000,501,24.08970852282296
2sls,501,10000,STATIC,2sls,100,2.0,3.0,10000,501,2sls,100,2.0,3.0,10000,501,24.078019220193745
ols,501,10000,STATIC,ols,120,0.75,3.5,10000,501,ols,120,0.75,3.5,10000,501,24.06279064310366
2sls,501,10000,STATIC,2sls,80,1.5,3.5,10000,501,2sls,80,1.5,3.5,10000,501,24.06269131317803
2sls,501,10000,STATIC,2sls,80,0.5,3.0,10000,501,2sls,80,0.5,3.0,10000,501,24.03048411965012
ols,501,10000,STATIC,ols,110,1.75,3.0,10000,501,ols,110,1.75,3.0,10000,501,23.98956784126106
ols,501,10000,STATIC,ols,80,2.25,4.0,10000,501,ols,80,2.25,4.0,10000,501,23.938029132611966
ols,501,10000,STATIC,ols,140,1.25,2.5,10000,501,ols,140,1.25,2.5,10000,501,23.900490903326656
ols,501,10000,STATIC,ols,80,0.75,2.5,10000,501,ols,80,0.75,2.5,10000,501,23.877006260847338
ols,501,10000,STATIC,ols,120,0.5,2.5,10000,501,ols,120,0.5,2.5,10000,501,23.856415652275025
ols,501,10000,STATIC,ols,90,0.5,3.5,10000,501,ols,90,0.5,3.5,10000,501,23.82967003300562
ols,501,10000,STATIC,ols,90,0.5,4.0,10000,501,ols,90,0.5,4.0,10000,501,23.82967003300562
ols,501,10000,STATIC,ols,140,0.5,2.0,10000,501,ols,140,0.5,2.0,10000,501,23.82318067643753
ols,501,10000,STATIC,ols,130,1.0,2.5,10000,501,ols,130,1.0,2.5,10000,501,23.817511201072982
2sls,501,10000,STATIC,2sls,130,0.25,3.5,10000,501,2sls,130,0.25,3.5,10000,501,23.815817761675994
ols,501,10000,STATIC,ols,80,1.5,3.5,10000,501,ols,80,1.5,3.5,10000,501,23.798828346089863
2sls,501,10000,STATIC,2sls,130,2.5,4.0,10000,501,2sls,130,2.5,4.0,10000,501,23.707978381551612
ols,501,10000,STATIC,ols,130,0.25,3.5,10000,501,ols,130,0.25,3.5,10000,501,23.696401178307028
2sls,501,10000,STATIC,2sls,110,1.25,3.0,10000,501,2sls,110,1.25,3.0,10000,501,23.62009777968173
ols,501,10000,STATIC,ols,80,2.25,3.5,10000,501,ols,80,2.25,3.5,10000,501,23.537551518928016
ols,501,10000,STATIC,ols,100,1.25,3.0,10000,501,ols,100,1.25,3.0,10000,501,23.463175800524695
2sls,501,10000,STATIC,2sls,120,1.5,2.5,10000,501,2sls,120,1.5,2.5,10000,501,23.45185053030223
2sls,501,10000,STATIC,2sls,70,0.75,4.0,10000,501,2sls,70,0.75,4.0,10000,501,23.426902679732898
ols,501,10000,STATIC,ols,120,1.0,2.5,10000,501,ols,120,1.0,2.5,10000,501,23.394961786784222
ols,501,10000,STATIC,ols,110,0.25,3.0,10000,501,ols,110,0.25,3.0,10000,501,23.346211059659637
ols,501,10000,STATIC,ols,100,0.75,3.5,10000,501,ols,100,0.75,3.5,10000,501,23.326667057572593
ols,501,10000,STATIC,ols,100,0.75,4.0,10000,501,ols,100,0.75,4.0,10000,501,23.326667057572593
2sls,501,10000,STATIC,2sls,90,1.25,3.5,10000,501,2sls,90,1.25,3.5,10000,501,23.323675626669598
2sls,501,10000,STATIC,2sls,90,1.25,4.0,10000,501,2sls,90,1.25,4.0,10000,501,23.323675626669598
2sls,501,10000,STATIC,2sls,100,1.5,2.5,10000,501,2sls,100,1.5,2.5,10000,501,23.32117496981482
2sls,501,10000,STATIC,2sls,90,0.5,3.0,10000,501,2sls,90,0.5,3.0,10000,501,23.31829710200421
2sls,501,10000,STATIC,2sls,130,2.5,3.5,10000,501,2sls,130,2.5,3.5,10000,501,23.305058109590753
2sls,501,10000,STATIC,2sls,120,2.0,2.5,10000,501,2sls,120,2.0,2.5,10000,501,23.29800583603144
ols,501,10000,STATIC,ols,90,1.25,4.0,10000,501,ols,90,1.25,4.0,10000,501,23.267832708423626
ols,501,10000,STATIC,ols,90,1.25,3.5,10000,501,ols,90,1.25,3.5,10000,501,23.267832708423626
ols,501,10000,STATIC,ols,100,1.75,3.0,10000,501,ols,100,1.75,3.0,10000,501,23.23204245806642
2sls,501,10000,STATIC,2sls,110,1.5,2.5,10000,501,2sls,110,1.5,2.5,10000,501,23.210900428420885
ols,501,10000,STATIC,ols,80,0.5,3.0,10000,501,ols,80,0.5,3.0,10000,501,23.209437468539832
ols,501,10000,STATIC,ols,90,2.0,3.0,10000,501,ols,90,2.0,3.0,10000,501,23.204097635369155
2sls,501,10000,STATIC,2sls,140,1.25,2.5,10000,501,2sls,140,1.25,2.5,10000,501,23.028964328617114
ols,501,10000,STATIC,ols,120,2.0,2.5,10000,501,ols,120,2.0,2.5,10000,501,23.02162661005626
ols,501,10000,STATIC,ols,110,1.25,3.0,10000,501,ols,110,1.25,3.0,10000,501,23.000754313695694
ols,501,10000,STATIC,ols,100,1.5,2.5,10000,501,ols,100,1.5,2.5,10000,501,22.984349158916153
2sls,501,10000,STATIC,2sls,120,0.75,3.0,10000,501,2sls,120,0.75,3.0,10000,501,22.97600651892057
2sls,501,10000,STATIC,2sls,90,1.75,3.0,10000,501,2sls,90,1.75,3.0,10000,501,22.9361177302667
2sls,501,10000,STATIC,2sls,120,1.0,2.5,10000,501,2sls,120,1.0,2.5,10000,501,22.894803579412432
2sls,501,10000,STATIC,2sls,150,1.75,2.0,10000,501,2sls,150,1.75,2.0,10000,501,22.865626283335448
2sls,501,10000,STATIC,2sls,90,1.5,2.5,10000,501,2sls,90,1.5,2.5,10000,501,22.86349410336383
2sls,501,10000,STATIC,2sls,130,1.25,2.5,10000,501,2sls,130,1.25,2.5,10000,501,22.85926919627454
ols,501,10000,STATIC,ols,80,1.25,3.0,10000,501,ols,80,1.25,3.0,10000,501,22.845842649281593
ols,501,10000,STATIC,ols,120,1.5,2.5,10000,501,ols,120,1.5,2.5,10000,501,22.83673005474789
ols,501,10000,STATIC,ols,100,1.0,3.0,10000,501,ols,100,1.0,3.0,10000,501,22.819956327567034
2sls,501,10000,STATIC,2sls,110,2.25,4.0,10000,501,2sls,110,2.25,4.0,10000,501,22.778062904325935
2sls,501,10000,STATIC,2sls,110,2.25,3.5,10000,501,2sls,110,2.25,3.5,10000,501,22.778062904325935
2sls,501,10000,STATIC,2sls,70,0.25,4.0,10000,501,2sls,70,0.25,4.0,10000,501,22.738451119903416
ols,501,10000,STATIC,ols,80,1.0,2.5,10000,501,ols,80,1.0,2.5,10000,501,22.72064207942455
2sls,501,10000,STATIC,2sls,90,0.25,2.5,10000,501,2sls,90,0.25,2.5,10000,501,22.703635348280578
2sls,501,10000,STATIC,2sls,100,1.75,3.0,10000,501,2sls,100,1.75,3.0,10000,501,22.64172580170859
2sls,501,10000,STATIC,2sls,70,0.75,3.5,10000,501,2sls,70,0.75,3.5,10000,501,22.58369363755562
ols,501,10000,STATIC,ols,150,1.75,2.0,10000,501,ols,150,1.75,2.0,10000,501,22.433973099480415
2sls,501,10000,STATIC,2sls,100,1.25,3.0,10000,501,2sls,100,1.25,3.0,10000,501,22.420487183908058
ols,501,10000,STATIC,ols,90,1.5,2.5,10000,501,ols,90,1.5,2.5,10000,501,22.4022068450209
2sls,501,10000,STATIC,2sls,110,0.5,3.0,10000,501,2sls,110,0.5,3.0,10000,501,22.323487082465476
2sls,501,10000,STATIC,2sls,100,1.0,3.0,10000,501,2sls,100,1.0,3.0,10000,501,22.315692006433906
ols,501,10000,STATIC,ols,120,0.75,3.0,10000,501,ols,120,0.75,3.0,10000,501,22.31149892837466
ols,501,10000,STATIC,ols,80,1.75,3.0,10000,501,ols,80,1.75,3.0,10000,501,22.295779598364824
ols,501,10000,STATIC,ols,90,1.75,3.0,10000,501,ols,90,1.75,3.0,10000,501,22.28528060988217
ols,501,10000,STATIC,ols,150,2.0,2.5,10000,501,ols,150,2.0,2.5,10000,501,22.24211556126554
2sls,501,10000,STATIC,2sls,80,2.25,4.0,10000,501,2sls,80,2.25,4.0,10000,501,22.188312202860416
2sls,501,10000,STATIC,2sls,120,2.5,4.0,10000,501,2sls,120,2.5,4.0,10000,501,22.1715794219218
ols,501,10000,STATIC,ols,140,1.25,2.0,10000,501,ols,140,1.25,2.0,10000,501,22.167146761205714
2sls,501,10000,STATIC,2sls,100,0.5,3.0,10000,501,2sls,100,0.5,3.0,10000,501,22.160711270961656
ols,501,10000,STATIC,ols,120,2.5,4.0,10000,501,ols,120,2.5,4.0,10000,501,22.1329482513386
ols,501,10000,STATIC,ols,90,0.25,3.0,10000,501,ols,90,0.25,3.0,10000,501,22.117391347060547
2sls,501,10000,STATIC,2sls,110,2.5,3.5,10000,501,2sls,110,2.5,3.5,10000,501,22.101720509947626
2sls,501,10000,STATIC,2sls,110,2.5,4.0,10000,501,2sls,110,2.5,4.0,10000,501,22.101720509947626
ols,501,10000,STATIC,ols,70,0.75,4.0,10000,501,ols,70,0.75,4.0,10000,501,22.089520206987665
2sls,501,10000,STATIC,2sls,80,1.0,2.5,10000,501,2sls,80,1.0,2.5,10000,501,22.072687030075706
2sls,501,10000,STATIC,2sls,70,2.25,4.0,10000,501,2sls,70,2.25,4.0,10000,501,22.048848395721496
2sls,501,10000,STATIC,2sls,130,1.5,2.0,10000,501,2sls,130,1.5,2.0,10000,501,22.03883072763131
2sls,501,10000,STATIC,2sls,110,1.75,2.5,10000,501,2sls,110,1.75,2.5,10000,501,21.916069432611295
ols,501,10000,STATIC,ols,110,1.5,2.5,10000,501,ols,110,1.5,2.5,10000,501,21.866626605410413
ols,501,10000,STATIC,ols,130,1.5,2.0,10000,501,ols,130,1.5,2.0,10000,501,21.86661205819514
2sls,501,10000,STATIC,2sls,70,0.25,3.5,10000,501,2sls,70,0.25,3.5,10000,501,21.854039790196687
ols,501,10000,STATIC,ols,110,1.0,3.0,10000,501,ols,110,1.0,3.0,10000,501,21.850626161453796
2sls,501,10000,STATIC,2sls,70,1.75,2.0,10000,501,2sls,70,1.75,2.0,10000,501,21.848502934247062
ols,501,10000,STATIC,ols,110,2.5,4.0,10000,501,ols,110,2.5,4.0,10000,501,21.81165867817847
ols,501,10000,STATIC,ols,110,2.5,3.5,10000,501,ols,110,2.5,3.5,10000,501,21.81165867817847
2sls,501,10000,STATIC,2sls,120,2.25,2.5,10000,501,2sls,120,2.25,2.5,10000,501,21.804727803215602
2sls,501,10000,STATIC,2sls,80,2.25,3.5,10000,501,2sls,80,2.25,3.5,10000,501,21.80327102404599
2sls,501,10000,STATIC,2sls,120,2.5,3.5,10000,501,2sls,120,2.5,3.5,10000,501,21.767879381131884
2sls,501,10000,STATIC,2sls,150,2.0,2.5,10000,501,2sls,150,2.0,2.5,10000,501,21.76753436208887
2sls,501,10000,STATIC,2sls,100,2.25,4.0,10000,501,2sls,100,2.25,4.0,10000,501,21.761274602626727
2sls,501,10000,STATIC,2sls,100,2.25,3.5,10000,501,2sls,100,2.25,3.5,10000,501,21.761274602626727
ols,501,10000,STATIC,ols,120,2.5,3.5,10000,501,ols,120,2.5,3.5,10000,501,21.713884651751965
2sls,501,10000,STATIC,2sls,110,1.0,3.0,10000,501,2sls,110,1.0,3.0,10000,501,21.699654991836006
2sls,501,10000,STATIC,2sls,80,1.75,3.0,10000,501,2sls,80,1.75,3.0,10000,501,21.694051615553494
ols,501,10000,STATIC,ols,150,0.5,2.0,10000,501,ols,150,0.5,2.0,10000,501,21.653205406717383
2sls,501,10000,STATIC,2sls,120,1.75,2.0,10000,501,2sls,120,1.75,2.0,10000,501,21.648936758080513
2sls,501,10000,STATIC,2sls,70,1.0,4.0,10000,501,2sls,70,1.0,4.0,10000,501,21.643228762568185
ols,501,10000,STATIC,ols,70,0.75,3.5,10000,501,ols,70,0.75,3.5,10000,501,21.636401760232545
2sls,501,10000,STATIC,2sls,120,0.5,2.5,10000,501,2sls,120,0.5,2.5,10000,501,21.60104434053782
2sls,501,10000,STATIC,2sls,140,1.25,2.0,10000,501,2sls,140,1.25,2.0,10000,501,21.59366395890578
2sls,501,10000,STATIC,2sls,130,1.0,2.5,10000,501,2sls,130,1.0,2.5,10000,501,21.471985763782833
ols,501,10000,STATIC,ols,70,2.25,4.0,10000,501,ols,70,2.25,4.0,10000,501,21.46506582946078
2sls,501,10000,STATIC,2sls,130,0.25,3.0,10000,501,2sls,130,0.25,3.0,10000,501,21.459533998011374
2sls,501,10000,STATIC,2sls,70,0.75,3.0,10000,501,2sls,70,0.75,3.0,10000,501,21.391153870172815
ols,501,10000,STATIC,ols,70,0.25,4.0,10000,501,ols,70,0.25,4.0,10000,501,21.354632938850415
ols,501,10000,STATIC,ols,130,0.25,3.0,10000,501,ols,130,0.25,3.0,10000,501,21.342685079126497
2sls,501,10000,STATIC,2sls,150,0.5,2.0,10000,501,2sls,150,0.5,2.0,10000,501,21.330401494783985
ols,501,10000,STATIC,ols,90,0.5,3.0,10000,501,ols,90,0.5,3.0,10000,501,21.290707903940984
ols,501,10000,STATIC,ols,80,1.5,3.0,10000,501,ols,80,1.5,3.0,10000,501,21.28422155191584
2sls,501,10000,STATIC,2sls,110,0.25,2.5,10000,501,2sls,110,0.25,2.5,10000,501,21.272845664792435
ols,501,10000,STATIC,ols,150,2.5,4.0,10000,501,ols,150,2.5,4.0,10000,501,21.267126508042214
ols,501,10000,STATIC,ols,100,2.25,4.0,10000,501,ols,100,2.25,4.0,10000,501,21.18974706601447
ols,501,10000,STATIC,ols,100,2.25,3.5,10000,501,ols,100,2.25,3.5,10000,501,21.18974706601447
2sls,501,10000,STATIC,2sls,90,0.5,2.5,10000,501,2sls,90,0.5,2.5,10000,501,21.15149293711852
2sls,501,10000,STATIC,2sls,70,2.25,3.5,10000,501,2sls,70,2.25,3.5,10000,501,21.146682486385412
ols,501,10000,STATIC,ols,80,2.25,3.0,10000,501,ols,80,2.25,3.0,10000,501,21.015584892828468
2sls,501,10000,STATIC,2sls,110,0.75,3.5,10000,501,2sls,110,0.75,3.5,10000,501,20.948916766963414
2sls,501,10000,STATIC,2sls,110,0.75,4.0,10000,501,2sls,110,0.75,4.0,10000,501,20.948916766963414
ols,501,10000,STATIC,ols,70,2.25,3.5,10000,501,ols,70,2.25,3.5,10000,501,20.945996409766444
2sls,501,10000,STATIC,2sls,100,0.75,4.0,10000,501,2sls,100,0.75,4.0,10000,501,20.943059185690068
2sls,501,10000,STATIC,2sls,100,0.75,3.5,10000,501,2sls,100,0.75,3.5,10000,501,20.943059185690068
ols,501,10000,STATIC,ols,60,2.25,4.0,10000,501,ols,60,2.25,4.0,10000,501,20.92666859730572
ols,501,10000,STATIC,ols,110,0.5,3.0,10000,501,ols,110,0.5,3.0,10000,501,20.900189658848447
2sls,501,10000,STATIC,2sls,90,1.25,3.0,10000,501,2sls,90,1.25,3.0,10000,501,20.895632556359438
ols,501,10000,STATIC,ols,70,0.25,3.5,10000,501,ols,70,0.25,3.5,10000,501,20.87678692456022
ols,501,10000,STATIC,ols,150,2.5,3.5,10000,501,ols,150,2.5,3.5,10000,501,20.856479828243526
ols,501,10000,STATIC,ols,90,1.25,3.0,10000,501,ols,90,1.25,3.0,10000,501,20.826786736759836
2sls,501,10000,STATIC,2sls,70,1.0,3.5,10000,501,2sls,70,1.0,3.5,10000,501,20.81447668547841
2sls,501,10000,STATIC,2sls,80,1.5,3.0,10000,501,2sls,80,1.5,3.0,10000,501,20.773311640557417
2sls,501,10000,STATIC,2sls,70,0.25,3.0,10000,501,2sls,70,0.25,3.0,10000,501,20.700378769297878
ols,501,10000,STATIC,ols,60,2.25,3.5,10000,501,ols,60,2.25,3.5,10000,501,20.68729612686732
ols,501,10000,STATIC,ols,70,0.75,3.0,10000,501,ols,70,0.75,3.0,10000,501,20.606169244378478
ols,501,10000,STATIC,ols,100,0.75,3.0,10000,501,ols,100,0.75,3.0,10000,501,20.56220360723305
ols,501,10000,STATIC,ols,90,1.75,2.0,10000,501,ols,90,1.75,2.0,10000,501,20.446932245611528
2sls,501,10000,STATIC,2sls,70,2.25,3.0,10000,501,2sls,70,2.25,3.0,10000,501,20.395133456183792
2sls,501,10000,STATIC,2sls,80,0.25,2.5,10000,501,2sls,80,0.25,2.5,10000,501,20.37646934405558
2sls,501,10000,STATIC,2sls,110,1.25,2.5,10000,501,2sls,110,1.25,2.5,10000,501,20.375414066484552
ols,501,10000,STATIC,ols,70,1.0,4.0,10000,501,ols,70,1.0,4.0,10000,501,20.360881713580554
ols,501,10000,STATIC,ols,130,2.5,4.0,10000,501,ols,130,2.5,4.0,10000,501,20.335609309081715
ols,501,10000,STATIC,ols,70,2.25,3.0,10000,501,ols,70,2.25,3.0,10000,501,20.321710571002072
ols,501,10000,STATIC,ols,120,1.5,2.0,10000,501,ols,120,1.5,2.0,10000,501,20.219796200710775
2sls,501,10000,STATIC,2sls,70,1.5,4.0,10000,501,2sls,70,1.5,4.0,10000,501,20.19509103088948
ols,501,10000,STATIC,ols,90,0.25,2.5,10000,501,ols,90,0.25,2.5,10000,501,19.993793579907752
ols,501,10000,STATIC,ols,110,0.25,2.5,10000,501,ols,110,0.25,2.5,10000,501,19.95329119864811
ols,501,10000,STATIC,ols,130,2.5,3.5,10000,501,ols,130,2.5,3.5,10000,501,19.91828755154684
ols,501,10000,STATIC,ols,70,1.0,3.5,10000,501,ols,70,1.0,3.5,10000,501,19.916963212408007
ols,501,10000,STATIC,ols,70,0.25,3.0,10000,501,ols,70,0.25,3.0,10000,501,19.897801350837852
2sls,501,10000,STATIC,2sls,90,1.75,2.5,10000,501,2sls,90,1.75,2.5,10000,501,19.836853813887885
2sls,501,10000,STATIC,2sls,70,1.25,4.0,10000,501,2sls,70,1.25,4.0,10000,501,19.8034414870368
2sls,501,10000,STATIC,2sls,80,1.25,2.5,10000,501,2sls,80,1.25,2.5,10000,501,19.678078394652516
ols,501,10000,STATIC,ols,110,1.75,2.5,10000,501,ols,110,1.75,2.5,10000,501,19.671841915340025
2sls,501,10000,STATIC,2sls,120,1.5,2.0,10000,501,2sls,120,1.5,2.0,10000,501,19.64734373401663
2sls,501,10000,STATIC,2sls,80,2.0,2.5,10000,501,2sls,80,2.0,2.5,10000,501,19.599658329335064
ols,501,10000,STATIC,ols,110,1.25,2.5,10000,501,ols,110,1.25,2.5,10000,501,19.57221935354412
2sls,501,10000,STATIC,2sls,130,0.5,2.0,10000,501,2sls,130,0.5,2.0,10000,501,19.5667051703037
ols,501,10000,STATIC,ols,70,1.25,4.0,10000,501,ols,70,1.25,4.0,10000,501,19.559529106896697
2sls,501,10000,STATIC,2sls,70,1.0,3.0,10000,501,2sls,70,1.0,3.0,10000,501,19.532848865502828
ols,501,10000,STATIC,ols,80,0.25,2.5,10000,501,ols,80,0.25,2.5,10000,501,19.516615610117974
ols,501,10000,STATIC,ols,100,0.5,2.5,10000,501,ols,100,0.5,2.5,10000,501,19.471130124964034
2sls,501,10000,STATIC,2sls,60,2.25,4.0,10000,501,2sls,60,2.25,4.0,10000,501,19.45345382762843
ols,501,10000,STATIC,ols,70,1.75,2.0,10000,501,ols,70,1.75,2.0,10000,501,19.40269768838684
2sls,501,10000,STATIC,2sls,110,2.0,2.5,10000,501,2sls,110,2.0,2.5,10000,501,19.39928681264661
ols,501,10000,STATIC,ols,110,2.25,3.0,10000,501,ols,110,2.25,3.0,10000,501,19.372538585526705
2sls,501,10000,STATIC,2sls,70,1.5,3.5,10000,501,2sls,70,1.5,3.5,10000,501,19.346481757003446
2sls,501,10000,STATIC,2sls,80,0.5,2.5,10000,501,2sls,80,0.5,2.5,10000,501,19.33601285921936
ols,501,10000,STATIC,ols,80,2.0,2.5,10000,501,ols,80,2.0,2.5,10000,501,19.228073539545882
2sls,501,10000,STATIC,2sls,70,0.5,4.0,10000,501,2sls,70,0.5,4.0,10000,501,19.20969239090288
ols,501,10000,STATIC,ols,90,1.75,2.5,10000,501,ols,90,1.75,2.5,10000,501,19.113142100200225
ols,501,10000,STATIC,ols,70,1.25,3.5,10000,501,ols,70,1.25,3.5,10000,501,19.088447021990085
ols,501,10000,STATIC,ols,90,0.5,2.5,10000,501,ols,90,0.5,2.5,10000,501,19.048176864523512
ols,501,10000,STATIC,ols,110,0.75,3.5,10000,501,ols,110,0.75,3.5,10000,501,19.022857535168164
ols,501,10000,STATIC,ols,110,0.75,4.0,10000,501,ols,110,0.75,4.0,10000,501,19.022857535168164
ols,501,10000,STATIC,ols,120,0.25,2.5,10000,501,ols,120,0.25,2.5,10000,501,18.989836444706313
2sls,501,10000,STATIC,2sls,80,2.25,3.0,10000,501,2sls,80,2.25,3.0,10000,501,18.977472163569242
ols,501,10000,STATIC,ols,120,1.25,2.5,10000,501,ols,120,1.25,2.5,10000,501,18.970903274794146
ols,501,10000,STATIC,ols,100,1.25,2.5,10000,501,ols,100,1.25,2.5,10000,501,18.964065540806345
2sls,501,10000,STATIC,2sls,70,1.25,3.5,10000,501,2sls,70,1.25,3.5,10000,501,18.945171428926088
2sls,501,10000,STATIC,2sls,110,0.5,2.5,10000,501,2sls,110,0.5,2.5,10000,501,18.926982091515974
2sls,501,10000,STATIC,2sls,140,0.25,2.5,10000,501,2sls,140,0.25,2.5,10000,501,18.8704592797039
ols,501,10000,STATIC,ols,130,0.5,2.0,10000,501,ols,130,0.5,2.0,10000,501,18.862633820323495
2sls,501,10000,STATIC,2sls,120,2.5,3.0,10000,501,2sls,120,2.5,3.0,10000,501,18.857379662471438
ols,501,10000,STATIC,ols,70,1.0,3.0,10000,501,ols,70,1.0,3.0,10000,501,18.81398818478918
ols,501,10000,STATIC,ols,110,2.0,2.5,10000,501,ols,110,2.0,2.5,10000,501,18.811685467852048
ols,501,10000,STATIC,ols,120,2.5,3.0,10000,501,ols,120,2.5,3.0,10000,501,18.795581875171756
2sls,501,10000,STATIC,2sls,100,2.25,3.0,10000,501,2sls,100,2.25,3.0,10000,501,18.787530177255217
2sls,501,10000,STATIC,2sls,60,2.25,3.5,10000,501,2sls,60,2.25,3.5,10000,501,18.751594521113148
ols,501,10000,STATIC,ols,60,2.25,3.0,10000,501,ols,60,2.25,3.0,10000,501,18.7035969194762
ols,501,10000,STATIC,ols,140,1.0,2.5,10000,501,ols,140,1.0,2.5,10000,501,18.643693447680214
2sls,501,10000,STATIC,2sls,90,1.25,2.5,10000,501,2sls,90,1.25,2.5,10000,501,18.557254405426733
2sls,501,10000,STATIC,2sls,110,1.0,2.5,10000,501,2sls,110,1.0,2.5,10000,501,18.53557417449626
ols,501,10000,STATIC,ols,100,2.25,3.0,10000,501,ols,100,2.25,3.0,10000,501,18.526641572667838
ols,501,10000,STATIC,ols,90,1.25,2.5,10000,501,ols,90,1.25,2.5,10000,501,18.46857771637771
ols,501,10000,STATIC,ols,110,1.0,2.5,10000,501,ols,110,1.0,2.5,10000,501,18.45400957574889
2sls,501,10000,STATIC,2sls,60,2.5,3.0,10000,501,2sls,60,2.5,3.0,10000,501,18.40268881015703
ols,501,10000,STATIC,ols,100,1.0,2.5,10000,501,ols,100,1.0,2.5,10000,501,18.398277296572488
ols,501,10000,STATIC,ols,150,0.75,2.0,10000,501,ols,150,0.75,2.0,10000,501,18.353337187230856
2sls,501,10000,STATIC,2sls,70,0.5,3.5,10000,501,2sls,70,0.5,3.5,10000,501,18.341223777200348
ols,501,10000,STATIC,ols,120,0.5,2.0,10000,501,ols,120,0.5,2.0,10000,501,18.33481439802435
2sls,501,10000,STATIC,2sls,70,1.5,3.0,10000,501,2sls,70,1.5,3.0,10000,501,18.230927581411322
ols,501,10000,STATIC,ols,70,1.5,4.0,10000,501,ols,70,1.5,4.0,10000,501,18.101015046041837
ols,501,10000,STATIC,ols,140,2.5,4.0,10000,501,ols,140,2.5,4.0,10000,501,18.100045980231577
ols,501,10000,STATIC,ols,140,2.5,3.5,10000,501,ols,140,2.5,3.5,10000,501,18.100045980231577
2sls,501,10000,STATIC,2sls,100,1.25,2.5,10000,501,2sls,100,1.25,2.5,10000,501,18.089341680477872
ols,501,10000,STATIC,ols,80,1.25,2.5,10000,501,ols,80,1.25,2.5,10000,501,18.04976933359574
ols,501,10000,STATIC,ols,70,1.25,3.0,10000,501,ols,70,1.25,3.0,10000,501,18.02498950622745
2sls,501,10000,STATIC,2sls,100,1.0,2.5,10000,501,2sls,100,1.0,2.5,10000,501,18.02200410915755
2sls,501,10000,STATIC,2sls,110,2.25,3.0,10000,501,2sls,110,2.25,3.0,10000,501,17.99969940514988
ols,501,10000,STATIC,ols,80,0.5,2.5,10000,501,ols,80,0.5,2.5,10000,501,17.97714374713631
ols,501,10000,STATIC,ols,100,1.75,2.5,10000,501,ols,100,1.75,2.5,10000,501,17.928893787787928
ols,501,10000,STATIC,ols,120,1.0,2.0,10000,501,ols,120,1.0,2.0,10000,501,17.88585355250823
ols,501,10000,STATIC,ols,140,0.25,2.5,10000,501,ols,140,0.25,2.5,10000,501,17.861327787652378
2sls,501,10000,STATIC,2sls,100,0.75,3.0,10000,501,2sls,100,0.75,3.0,10000,501,17.84170828258896
2sls,501,10000,STATIC,2sls,150,2.5,4.0,10000,501,2sls,150,2.5,4.0,10000,501,17.83385105240765
2sls,501,10000,STATIC,2sls,90,2.0,2.5,10000,501,2sls,90,2.0,2.5,10000,501,17.832571455449777
2sls,501,10000,STATIC,2sls,120,1.25,2.5,10000,501,2sls,120,1.25,2.5,10000,501,17.831564345823615
2sls,501,10000,STATIC,2sls,70,2.0,2.5,10000,501,2sls,70,2.0,2.5,10000,501,17.831021768022588
ols,501,10000,STATIC,ols,70,2.0,2.5,10000,501,ols,70,2.0,2.5,10000,501,17.790352599836243
2sls,501,10000,STATIC,2sls,120,1.0,2.0,10000,501,2sls,120,1.0,2.0,10000,501,17.779293715738426
2sls,501,10000,STATIC,2sls,120,0.25,2.5,10000,501,2sls,120,0.25,2.5,10000,501,17.7236901554556
2sls,501,10000,STATIC,2sls,70,1.25,3.0,10000,501,2sls,70,1.25,3.0,10000,501,17.69806545543254
ols,501,10000,STATIC,ols,70,1.5,3.5,10000,501,ols,70,1.5,3.5,10000,501,17.638891493709714
ols,501,10000,STATIC,ols,120,2.25,2.5,10000,501,ols,120,2.25,2.5,10000,501,17.582003236810536
2sls,501,10000,STATIC,2sls,100,1.75,2.5,10000,501,2sls,100,1.75,2.5,10000,501,17.57852166653036
2sls,501,10000,STATIC,2sls,100,0.5,2.5,10000,501,2sls,100,0.5,2.5,10000,501,17.535755098559683
ols,501,10000,STATIC,ols,70,0.5,4.0,10000,501,ols,70,0.5,4.0,10000,501,17.509246003408222
2sls,501,10000,STATIC,2sls,60,2.25,3.0,10000,501,2sls,60,2.25,3.0,10000,501,17.504282796309838
2sls,501,10000,STATIC,2sls,150,0.75,2.0,10000,501,2sls,150,0.75,2.0,10000,501,17.49713452234831
2sls,501,10000,STATIC,2sls,100,0.25,2.0,10000,501,2sls,100,0.25,2.0,10000,501,17.447956958113068
2sls,501,10000,STATIC,2sls,150,2.5,3.5,10000,501,2sls,150,2.5,3.5,10000,501,17.42615567796793
ols,501,10000,STATIC,ols,60,2.5,3.0,10000,501,ols,60,2.5,3.0,10000,501,17.354945051489313
2sls,501,10000,STATIC,2sls,90,1.75,2.0,10000,501,2sls,90,1.75,2.0,10000,501,17.299562682452976
2sls,501,10000,STATIC,2sls,140,1.0,2.5,10000,501,2sls,140,1.0,2.5,10000,501,17.270415038229174
2sls,501,10000,STATIC,2sls,80,0.75,2.0,10000,501,2sls,80,0.75,2.0,10000,501,17.262930644581765
ols,501,10000,STATIC,ols,110,0.5,2.5,10000,501,ols,110,0.5,2.5,10000,501,17.252236351655114
2sls,501,10000,STATIC,2sls,70,0.5,3.0,10000,501,2sls,70,0.5,3.0,10000,501,17.175792917906442
ols,501,10000,STATIC,ols,120,2.0,2.0,10000,501,ols,120,2.0,2.0,10000,501,17.090913685732833
2sls,501,10000,STATIC,2sls,140,0.25,2.0,10000,501,2sls,140,0.25,2.0,10000,501,17.045555570588846
ols,501,10000,STATIC,ols,70,0.5,3.5,10000,501,ols,70,0.5,3.5,10000,501,17.037184137947243
ols,501,10000,STATIC,ols,100,2.5,3.5,10000,501,ols,100,2.5,3.5,10000,501,16.949879057429417
ols,501,10000,STATIC,ols,100,2.5,4.0,10000,501,ols,100,2.5,4.0,10000,501,16.949879057429417
ols,501,10000,STATIC,ols,70,2.5,4.0,10000,501,ols,70,2.5,4.0,10000,501,16.746910067077
2sls,501,10000,STATIC,2sls,110,0.75,3.0,10000,501,2sls,110,0.75,3.0,10000,501,16.722675638674517
ols,501,10000,STATIC,ols,70,1.5,3.0,10000,501,ols,70,1.5,3.0,10000,501,16.705546487508492
2sls,501,10000,STATIC,2sls,130,0.75,2.0,10000,501,2sls,130,0.75,2.0,10000,501,16.698544007509952
2sls,501,10000,STATIC,2sls,120,0.5,2.0,10000,501,2sls,120,0.5,2.0,10000,501,16.694343368964027
ols,501,10000,STATIC,ols,60,2.5,4.0,10000,501,ols,60,2.5,4.0,10000,501,16.646674726811053
ols,501,10000,STATIC,ols,70,2.5,3.5,10000,501,ols,70,2.5,3.5,10000,501,16.5425076326179
2sls,501,10000,STATIC,2sls,70,2.5,4.0,10000,501,2sls,70,2.5,4.0,10000,501,16.47933071154846
2sls,501,10000,STATIC,2sls,60,2.5,4.0,10000,501,2sls,60,2.5,4.0,10000,501,16.43332104843775
ols,501,10000,STATIC,ols,100,0.25,2.0,10000,501,ols,100,0.25,2.0,10000,501,16.418249637273554
ols,501,10000,STATIC,ols,90,2.0,2.5,10000,501,ols,90,2.0,2.5,10000,501,16.412097643600376
ols,501,10000,STATIC,ols,60,2.5,3.5,10000,501,ols,60,2.5,3.5,10000,501,16.407595174112412
ols,501,10000,STATIC,ols,70,2.5,3.0,10000,501,ols,70,2.5,3.0,10000,501,16.40534606623265
ols,501,10000,STATIC,ols,130,0.25,2.5,10000,501,ols,130,0.25,2.5,10000,501,16.39920050179503
ols,501,10000,STATIC,ols,70,1.75,2.5,10000,501,ols,70,1.75,2.5,10000,501,16.377207747608743
2sls,501,10000,STATIC,2sls,70,1.75,2.5,10000,501,2sls,70,1.75,2.5,10000,501,16.374873009175314
2sls,501,10000,STATIC,2sls,110,1.5,2.0,10000,501,2sls,110,1.5,2.0,10000,501,16.285243903020536
2sls,501,10000,STATIC,2sls,100,1.5,2.0,10000,501,2sls,100,1.5,2.0,10000,501,16.25574841394911
2sls,501,10000,STATIC,2sls,120,0.75,2.5,10000,501,2sls,120,0.75,2.5,10000,501,16.23898878074465
2sls,501,10000,STATIC,2sls,150,1.5,2.0,10000,501,2sls,150,1.5,2.0,10000,501,16.183567798701446
2sls,501,10000,STATIC,2sls,70,2.5,3.0,10000,501,2sls,70,2.5,3.0,10000,501,16.17391285058104
ols,501,10000,STATIC,ols,140,0.25,2.0,10000,501,ols,140,0.25,2.0,10000,501,16.09552853798374
ols,501,10000,STATIC,ols,150,2.5,3.0,10000,501,ols,150,2.5,3.0,10000,501,16.079886513220085
2sls,501,10000,STATIC,2sls,60,2.5,3.5,10000,501,2sls,60,2.5,3.5,10000,501,16.051880918210337
2sls,501,10000,STATIC,2sls,140,2.5,3.5,10000,501,2sls,140,2.5,3.5,10000,501,16.049834588679992
2sls,501,10000,STATIC,2sls,140,2.5,4.0,10000,501,2sls,140,2.5,4.0,10000,501,16.049834588679992
ols,501,10000,STATIC,ols,70,0.5,3.0,10000,501,ols,70,0.5,3.0,10000,501,16.033738230257093
ols,501,10000,STATIC,ols,60,1.75,4.0,10000,501,ols,60,1.75,4.0,10000,501,16.003730582498072
ols,501,10000,STATIC,ols,140,1.0,2.0,10000,501,ols,140,1.0,2.0,10000,501,15.949246427052366
ols,501,10000,STATIC,ols,140,2.5,3.0,10000,501,ols,140,2.5,3.0,10000,501,15.90828818453656
2sls,501,10000,STATIC,2sls,70,2.5,3.5,10000,501,2sls,70,2.5,3.5,10000,501,15.882138187155444
ols,501,10000,STATIC,ols,100,0.75,2.5,10000,501,ols,100,0.75,2.5,10000,501,15.821496930049392
ols,501,10000,STATIC,ols,60,1.75,3.5,10000,501,ols,60,1.75,3.5,10000,501,15.768817274180392
ols,501,10000,STATIC,ols,100,1.5,2.0,10000,501,ols,100,1.5,2.0,10000,501,15.729404006591814
ols,501,10000,STATIC,ols,120,0.75,2.5,10000,501,ols,120,0.75,2.5,10000,501,15.722317458285609
ols,501,10000,STATIC,ols,90,2.5,4.0,10000,501,ols,90,2.5,4.0,10000,501,15.61761812359391
ols,501,10000,STATIC,ols,90,2.5,3.5,10000,501,ols,90,2.5,3.5,10000,501,15.61761812359391
ols,501,10000,STATIC,ols,100,2.0,2.5,10000,501,ols,100,2.0,2.5,10000,501,15.606588807976404
ols,501,10000,STATIC,ols,80,1.5,2.5,10000,501,ols,80,1.5,2.5,10000,501,15.549680160552327
2sls,501,10000,STATIC,2sls,90,2.25,4.0,10000,501,2sls,90,2.25,4.0,10000,501,15.531450020778454
2sls,501,10000,STATIC,2sls,90,2.25,3.5,10000,501,2sls,90,2.25,3.5,10000,501,15.531450020778454
2sls,501,10000,STATIC,2sls,130,0.25,2.5,10000,501,2sls,130,0.25,2.5,10000,501,15.479117583543065
2sls,501,10000,STATIC,2sls,130,2.5,3.0,10000,501,2sls,130,2.5,3.0,10000,501,15.424484398461654
2sls,501,10000,STATIC,2sls,80,1.5,2.5,10000,501,2sls,80,1.5,2.5,10000,501,15.366235645261764
ols,501,10000,STATIC,ols,130,0.75,2.0,10000,501,ols,130,0.75,2.0,10000,501,15.239394721633921
2sls,501,10000,STATIC,2sls,80,2.5,4.0,10000,501,2sls,80,2.5,4.0,10000,501,15.168426185677564
2sls,501,10000,STATIC,2sls,60,1.75,4.0,10000,501,2sls,60,1.75,4.0,10000,501,15.164396693567411
ols,501,10000,STATIC,ols,150,1.5,2.0,10000,501,ols,150,1.5,2.0,10000,501,15.131324537656575
2sls,501,10000,STATIC,2sls,110,1.75,2.0,10000,501,2sls,110,1.75,2.0,10000,501,15.051294671236704
2sls,501,10000,STATIC,2sls,140,1.0,2.0,10000,501,2sls,140,1.0,2.0,10000,501,15.026422669227884
2sls,501,10000,STATIC,2sls,100,2.5,3.5,10000,501,2sls,100,2.5,3.5,10000,501,14.988555711945079
2sls,501,10000,STATIC,2sls,100,2.5,4.0,10000,501,2sls,100,2.5,4.0,10000,501,14.988555711945079
ols,501,10000,STATIC,ols,110,1.5,2.0,10000,501,ols,110,1.5,2.0,10000,501,14.88255384942967
ols,501,10000,STATIC,ols,90,2.25,4.0,10000,501,ols,90,2.25,4.0,10000,501,14.850042127155938
ols,501,10000,STATIC,ols,90,2.25,3.5,10000,501,ols,90,2.25,3.5,10000,501,14.850042127155938
ols,501,10000,STATIC,ols,110,0.75,3.0,10000,501,ols,110,0.75,3.0,10000,501,14.793376691849552
2sls,501,10000,STATIC,2sls,80,2.5,3.5,10000,501,2sls,80,2.5,3.5,10000,501,14.786449738242268
ols,501,10000,STATIC,ols,90,1.0,2.0,10000,501,ols,90,1.0,2.0,10000,501,14.725053595549682
2sls,501,10000,STATIC,2sls,60,1.75,3.5,10000,501,2sls,60,1.75,3.5,10000,501,14.494950840439948
2sls,501,10000,STATIC,2sls,150,1.25,2.0,10000,501,2sls,150,1.25,2.0,10000,501,14.452243137351012
ols,501,10000,STATIC,ols,80,0.75,2.0,10000,501,ols,80,0.75,2.0,10000,501,14.37676537739582
2sls,501,10000,STATIC,2sls,130,1.25,2.0,10000,501,2sls,130,1.25,2.0,10000,501,14.329520758655867
ols,501,10000,STATIC,ols,80,2.0,2.0,10000,501,ols,80,2.0,2.0,10000,501,14.298366241145857
2sls,501,10000,STATIC,2sls,90,0.75,2.0,10000,501,2sls,90,0.75,2.0,10000,501,14.290966967332281
ols,501,10000,STATIC,ols,110,2.25,2.5,10000,501,ols,110,2.25,2.5,10000,501,14.260658958123749
ols,501,10000,STATIC,ols,80,2.5,4.0,10000,501,ols,80,2.5,4.0,10000,501,14.243755720523332
ols,501,10000,STATIC,ols,60,2.25,2.5,10000,501,ols,60,2.25,2.5,10000,501,14.07251052782241
2sls,501,10000,STATIC,2sls,90,2.5,4.0,10000,501,2sls,90,2.5,4.0,10000,501,14.071840026376805
2sls,501,10000,STATIC,2sls,90,2.5,3.5,10000,501,2sls,90,2.5,3.5,10000,501,14.071840026376805
2sls,501,10000,STATIC,2sls,60,2.0,4.0,10000,501,2sls,60,2.0,4.0,10000,501,14.06567444546095
ols,501,10000,STATIC,ols,120,0.25,2.0,10000,501,ols,120,0.25,2.0,10000,501,13.945702055439597
2sls,501,10000,STATIC,2sls,70,0.75,2.5,10000,501,2sls,70,0.75,2.5,10000,501,13.945567688249326
ols,501,10000,STATIC,ols,80,2.5,3.5,10000,501,ols,80,2.5,3.5,10000,501,13.848033199366665
2sls,501,10000,STATIC,2sls,90,1.0,2.0,10000,501,2sls,90,1.0,2.0,10000,501,13.84491733543583
ols,501,10000,STATIC,ols,90,1.5,2.0,10000,501,ols,90,1.5,2.0,10000,501,13.825232191603874
2sls,501,10000,STATIC,2sls,110,2.25,2.5,10000,501,2sls,110,2.25,2.5,10000,501,13.72593980025616
ols,501,10000,STATIC,ols,130,2.0,2.0,10000,501,ols,130,2.0,2.0,10000,501,13.718244254237302
2sls,501,10000,STATIC,2sls,130,1.0,2.0,10000,501,2sls,130,1.0,2.0,10000,501,13.71712713174319
ols,501,10000,STATIC,ols,60,2.0,4.0,10000,501,ols,60,2.0,4.0,10000,501,13.594510719061944
2sls,501,10000,STATIC,2sls,70,2.25,2.5,10000,501,2sls,70,2.25,2.5,10000,501,13.589869482011071
2sls,501,10000,STATIC,2sls,70,0.25,2.5,10000,501,2sls,70,0.25,2.5,10000,501,13.589439425675323
ols,501,10000,STATIC,ols,130,1.0,2.0,10000,501,ols,130,1.0,2.0,10000,501,13.576769805544437
2sls,501,10000,STATIC,2sls,80,1.0,2.0,10000,501,2sls,80,1.0,2.0,10000,501,13.574933381145144
ols,501,10000,STATIC,ols,90,0.75,2.0,10000,501,ols,90,0.75,2.0,10000,501,13.565106181702298
ols,501,10000,STATIC,ols,60,1.75,3.0,10000,501,ols,60,1.75,3.0,10000,501,13.4774123344949
2sls,501,10000,STATIC,2sls,140,2.5,3.0,10000,501,2sls,140,2.5,3.0,10000,501,13.409683609843402
2sls,501,10000,STATIC,2sls,60,2.0,3.5,10000,501,2sls,60,2.0,3.5,10000,501,13.382195185482093
ols,501,10000,STATIC,ols,60,2.0,3.5,10000,501,ols,60,2.0,3.5,10000,501,13.359880649170613
2sls,501,10000,STATIC,2sls,80,2.5,3.0,10000,501,2sls,80,2.5,3.0,10000,501,13.357373963270195
ols,501,10000,STATIC,ols,120,1.25,2.0,10000,501,ols,120,1.25,2.0,10000,501,13.33057389163254
2sls,501,10000,STATIC,2sls,110,0.75,2.5,10000,501,2sls,110,0.75,2.5,10000,501,13.295418491991605
2sls,501,10000,STATIC,2sls,100,0.75,2.5,10000,501,2sls,100,0.75,2.5,10000,501,13.280363920204081
2sls,501,10000,STATIC,2sls,110,2.5,3.0,10000,501,2sls,110,2.5,3.0,10000,501,13.178761282452257
ols,501,10000,STATIC,ols,100,2.5,3.0,10000,501,ols,100,2.5,3.0,10000,501,13.138220279727356
ols,501,10000,STATIC,ols,80,1.0,2.0,10000,501,ols,80,1.0,2.0,10000,501,13.107766971519759
ols,501,10000,STATIC,ols,130,1.25,2.0,10000,501,ols,130,1.25,2.0,10000,501,13.099360387641106
ols,501,10000,STATIC,ols,70,2.25,2.5,10000,501,ols,70,2.25,2.5,10000,501,13.02821773770168
2sls,501,10000,STATIC,2sls,120,1.25,2.0,10000,501,2sls,120,1.25,2.0,10000,501,12.940341750485949
2sls,501,10000,STATIC,2sls,60,1.75,3.0,10000,501,2sls,60,1.75,3.0,10000,501,12.920245863927605
ols,501,10000,STATIC,ols,110,2.5,3.0,10000,501,ols,110,2.5,3.0,10000,501,12.884999836784363
2sls,501,10000,STATIC,2sls,90,2.25,3.0,10000,501,2sls,90,2.25,3.0,10000,501,12.877281622835987
2sls,501,10000,STATIC,2sls,100,2.0,2.5,10000,501,2sls,100,2.0,2.5,10000,501,12.714291451064042
2sls,501,10000,STATIC,2sls,150,2.5,3.0,10000,501,2sls,150,2.5,3.0,10000,501,12.662162481050085
ols,501,10000,STATIC,ols,100,2.5,2.5,10000,501,ols,100,2.5,2.5,10000,501,12.6383189173354
ols,501,10000,STATIC,ols,80,1.75,2.5,10000,501,ols,80,1.75,2.5,10000,501,12.637615982545984
2sls,501,10000,STATIC,2sls,80,1.75,2.5,10000,501,2sls,80,1.75,2.5,10000,501,12.63235848597072
ols,501,10000,STATIC,ols,70,0.75,2.5,10000,501,ols,70,0.75,2.5,10000,501,12.589605921207415
2sls,501,10000,STATIC,2sls,60,2.25,2.5,10000,501,2sls,60,2.25,2.5,10000,501,12.58455837717317
ols,501,10000,STATIC,ols,90,2.5,3.0,10000,501,ols,90,2.5,3.0,10000,501,12.48664675568434
ols,501,10000,STATIC,ols,80,2.5,3.0,10000,501,ols,80,2.5,3.0,10000,501,12.382789495990824
2sls,501,10000,STATIC,2sls,70,1.0,2.5,10000,501,2sls,70,1.0,2.5,10000,501,12.370721598599467
ols,501,10000,STATIC,ols,60,0.25,4.0,10000,501,ols,60,0.25,4.0,10000,501,12.323348765712659
2sls,501,10000,STATIC,2sls,120,0.25,2.0,10000,501,2sls,120,0.25,2.0,10000,501,12.319425108876644
2sls,501,10000,STATIC,2sls,110,0.25,2.0,10000,501,2sls,110,0.25,2.0,10000,501,12.24314057248759
ols,501,10000,STATIC,ols,90,2.25,3.0,10000,501,ols,90,2.25,3.0,10000,501,12.165230881691581
ols,501,10000,STATIC,ols,70,0.25,2.5,10000,501,ols,70,0.25,2.5,10000,501,12.130615109377551
ols,501,10000,STATIC,ols,110,1.25,2.0,10000,501,ols,110,1.25,2.0,10000,501,12.118945058230764
ols,501,10000,STATIC,ols,60,0.25,3.5,10000,501,ols,60,0.25,3.5,10000,501,12.082538256812299
2sls,501,10000,STATIC,2sls,110,1.25,2.0,10000,501,2sls,110,1.25,2.0,10000,501,12.074966503353366
ols,501,10000,STATIC,ols,130,2.5,3.0,10000,501,ols,130,2.5,3.0,10000,501,12.065459535448284
2sls,501,10000,STATIC,2sls,90,1.5,2.0,10000,501,2sls,90,1.5,2.0,10000,501,11.905634013968953
ols,501,10000,STATIC,ols,120,2.5,2.5,10000,501,ols,120,2.5,2.5,10000,501,11.903655615329697
2sls,501,10000,STATIC,2sls,60,2.0,3.0,10000,501,2sls,60,2.0,3.0,10000,501,11.826112253746029
ols,501,10000,STATIC,ols,110,0.25,2.0,10000,501,ols,110,0.25,2.0,10000,501,11.77657801156559
ols,501,10000,STATIC,ols,110,1.75,2.0,10000,501,ols,110,1.75,2.0,10000,501,11.715174739735957
2sls,501,10000,STATIC,2sls,80,0.25,2.0,10000,501,2sls,80,0.25,2.0,10000,501,11.696111682460533
2sls,501,10000,STATIC,2sls,150,1.0,2.0,10000,501,2sls,150,1.0,2.0,10000,501,11.663245998866635
2sls,501,10000,STATIC,2sls,110,2.0,2.0,10000,501,2sls,110,2.0,2.0,10000,501,11.546678522562384
ols,501,10000,STATIC,ols,150,0.25,2.0,10000,501,ols,150,0.25,2.0,10000,501,11.448937734435354
2sls,501,10000,STATIC,2sls,60,0.25,4.0,10000,501,2sls,60,0.25,4.0,10000,501,11.270962098208436
ols,501,10000,STATIC,ols,110,0.75,2.5,10000,501,ols,110,0.75,2.5,10000,501,11.12255335375388
ols,501,10000,STATIC,ols,70,1.0,2.5,10000,501,ols,70,1.0,2.5,10000,501,11.073369713660028
ols,501,10000,STATIC,ols,60,2.0,3.0,10000,501,ols,60,2.0,3.0,10000,501,11.073085946965001
2sls,501,10000,STATIC,2sls,90,2.5,3.0,10000,501,2sls,90,2.5,3.0,10000,501,10.960827575490676
2sls,501,10000,STATIC,2sls,100,2.25,2.5,10000,501,2sls,100,2.25,2.5,10000,501,10.85959068256103
ols,501,10000,STATIC,ols,90,2.0,2.0,10000,501,ols,90,2.0,2.0,10000,501,10.820089717276293
2sls,501,10000,STATIC,2sls,70,1.5,2.5,10000,501,2sls,70,1.5,2.5,10000,501,10.616634587661387
2sls,501,10000,STATIC,2sls,100,2.5,3.0,10000,501,2sls,100,2.5,3.0,10000,501,10.581802908152678
2sls,501,10000,STATIC,2sls,80,2.5,2.5,10000,501,2sls,80,2.5,2.5,10000,501,10.578618111903467
2sls,501,10000,STATIC,2sls,60,0.25,3.5,10000,501,2sls,60,0.25,3.5,10000,501,10.576458125091406
2sls,501,10000,STATIC,2sls,80,0.5,2.0,10000,501,2sls,80,0.5,2.0,10000,501,10.554024737208344
2sls,501,10000,STATIC,2sls,80,1.25,2.0,10000,501,2sls,80,1.25,2.0,10000,501,10.489228966116585
ols,501,10000,STATIC,ols,110,1.0,2.0,10000,501,ols,110,1.0,2.0,10000,501,10.488904901429287
2sls,501,10000,STATIC,2sls,120,0.75,2.0,10000,501,2sls,120,0.75,2.0,10000,501,10.394478815123314
2sls,501,10000,STATIC,2sls,70,1.25,2.5,10000,501,2sls,70,1.25,2.5,10000,501,10.294390235882638
ols,501,10000,STATIC,ols,100,0.5,2.0,10000,501,ols,100,0.5,2.0,10000,501,10.284411728260984
ols,501,10000,STATIC,ols,100,2.25,2.5,10000,501,ols,100,2.25,2.5,10000,501,10.26012221780002
2sls,501,10000,STATIC,2sls,110,0.5,2.0,10000,501,2sls,110,0.5,2.0,10000,501,10.132855944563417
2sls,501,10000,STATIC,2sls,140,2.0,2.0,10000,501,2sls,140,2.0,2.0,10000,501,10.118290978959564
ols,501,10000,STATIC,ols,100,1.25,2.0,10000,501,ols,100,1.25,2.0,10000,501,10.112168876003473
ols,501,10000,STATIC,ols,70,1.25,2.5,10000,501,ols,70,1.25,2.5,10000,501,10.03721914223722
ols,501,10000,STATIC,ols,60,0.25,3.0,10000,501,ols,60,0.25,3.0,10000,501,9.999726026805511
2sls,501,10000,STATIC,2sls,150,0.25,2.0,10000,501,2sls,150,0.25,2.0,10000,501,9.990170659378876
2sls,501,10000,STATIC,2sls,70,0.5,2.5,10000,501,2sls,70,0.5,2.5,10000,501,9.828880338005419
2sls,501,10000,STATIC,2sls,110,1.0,2.0,10000,501,2sls,110,1.0,2.0,10000,501,9.735434623223291
ols,501,10000,STATIC,ols,120,0.75,2.0,10000,501,ols,120,0.75,2.0,10000,501,9.689639539109038
2sls,501,10000,STATIC,2sls,100,1.25,2.0,10000,501,2sls,100,1.25,2.0,10000,501,9.664126328062302
ols,501,10000,STATIC,ols,150,1.0,2.0,10000,501,ols,150,1.0,2.0,10000,501,9.544677841499919
ols,501,10000,STATIC,ols,80,0.25,2.0,10000,501,ols,80,0.25,2.0,10000,501,9.508038854359924
ols,501,10000,STATIC,ols,150,1.25,2.0,10000,501,ols,150,1.25,2.0,10000,501,9.441982641609187
ols,501,10000,STATIC,ols,70,2.0,2.0,10000,501,ols,70,2.0,2.0,10000,501,9.43697860113057
2sls,501,10000,STATIC,2sls,80,2.0,2.0,10000,501,2sls,80,2.0,2.0,10000,501,9.38546099005034
ols,501,10000,STATIC,ols,110,0.5,2.0,10000,501,ols,110,0.5,2.0,10000,501,9.274330331472164
2sls,501,10000,STATIC,2sls,60,0.25,3.0,10000,501,2sls,60,0.25,3.0,10000,501,9.26974994087842
2sls,501,10000,STATIC,2sls,110,2.5,2.5,10000,501,2sls,110,2.5,2.5,10000,501,9.21492329428127
ols,501,10000,STATIC,ols,100,1.0,2.0,10000,501,ols,100,1.0,2.0,10000,501,9.209480632736067
ols,501,10000,STATIC,ols,70,1.5,2.5,10000,501,ols,70,1.5,2.5,10000,501,9.208475835209839
2sls,501,10000,STATIC,2sls,90,0.25,2.0,10000,501,2sls,90,0.25,2.0,10000,501,9.201329379455153
2sls,501,10000,STATIC,2sls,80,1.5,2.0,10000,501,2sls,80,1.5,2.0,10000,501,9.13262794539989
ols,501,10000,STATIC,ols,90,1.25,2.0,10000,501,ols,90,1.25,2.0,10000,501,9.015117173776225
2sls,501,10000,STATIC,2sls,100,1.0,2.0,10000,501,2sls,100,1.0,2.0,10000,501,8.922375960937998
ols,501,10000,STATIC,ols,90,0.25,2.0,10000,501,ols,90,0.25,2.0,10000,501,8.887859975105648
2sls,501,10000,STATIC,2sls,70,0.75,2.0,10000,501,2sls,70,0.75,2.0,10000,501,8.76115880461743
2sls,501,10000,STATIC,2sls,60,0.75,4.0,10000,501,2sls,60,0.75,4.0,10000,501,8.755968432910151
2sls,501,10000,STATIC,2sls,130,0.25,2.0,10000,501,2sls,130,0.25,2.0,10000,501,8.62628812774767
2sls,501,10000,STATIC,2sls,100,0.5,2.0,10000,501,2sls,100,0.5,2.0,10000,501,8.503044751666401
2sls,501,10000,STATIC,2sls,60,2.5,2.5,10000,501,2sls,60,2.5,2.5,10000,501,8.42551975819978
ols,501,10000,STATIC,ols,60,0.75,4.0,10000,501,ols,60,0.75,4.0,10000,501,8.421538816304093
ols,501,10000,STATIC,ols,60,0.75,3.5,10000,501,ols,60,0.75,3.5,10000,501,8.178463773111858
ols,501,10000,STATIC,ols,80,1.5,2.0,10000,501,ols,80,1.5,2.0,10000,501,8.172310037349202
ols,501,10000,STATIC,ols,70,0.5,2.5,10000,501,ols,70,0.5,2.5,10000,501,8.103056242631382
2sls,501,10000,STATIC,2sls,60,0.75,3.5,10000,501,2sls,60,0.75,3.5,10000,501,8.073366721502019
ols,501,10000,STATIC,ols,90,0.5,2.0,10000,501,ols,90,0.5,2.0,10000,501,8.01360842972047
ols,501,10000,STATIC,ols,80,0.5,2.0,10000,501,ols,80,0.5,2.0,10000,501,7.949435703961953
ols,501,10000,STATIC,ols,110,2.5,2.5,10000,501,ols,110,2.5,2.5,10000,501,7.895040379948302
ols,501,10000,STATIC,ols,70,0.75,2.0,10000,501,ols,70,0.75,2.0,10000,501,7.890458511091104
ols,501,10000,STATIC,ols,80,1.25,2.0,10000,501,ols,80,1.25,2.0,10000,501,7.736301768991126
ols,501,10000,STATIC,ols,80,2.25,2.5,10000,501,ols,80,2.25,2.5,10000,501,7.685967413789374
2sls,501,10000,STATIC,2sls,70,1.0,2.0,10000,501,2sls,70,1.0,2.0,10000,501,7.678276322713586
2sls,501,10000,STATIC,2sls,90,0.5,2.0,10000,501,2sls,90,0.5,2.0,10000,501,7.673397967493223
2sls,501,10000,STATIC,2sls,70,0.25,2.0,10000,501,2sls,70,0.25,2.0,10000,501,7.5746847393047005
ols,501,10000,STATIC,ols,60,2.5,2.5,10000,501,ols,60,2.5,2.5,10000,501,7.542381659428543
ols,501,10000,STATIC,ols,130,0.25,2.0,10000,501,ols,130,0.25,2.0,10000,501,7.475379928115736
2sls,501,10000,STATIC,2sls,130,2.0,2.0,10000,501,2sls,130,2.0,2.0,10000,501,7.330733493286509
ols,501,10000,STATIC,ols,150,2.25,2.0,10000,501,ols,150,2.25,2.0,10000,501,7.215059962315459
2sls,501,10000,STATIC,2sls,140,2.25,2.0,10000,501,2sls,140,2.25,2.0,10000,501,6.885826029261981
ols,501,10000,STATIC,ols,110,2.0,2.0,10000,501,ols,110,2.0,2.0,10000,501,6.877408004875825
ols,501,10000,STATIC,ols,70,1.0,2.0,10000,501,ols,70,1.0,2.0,10000,501,6.770013016389498
ols,501,10000,STATIC,ols,150,2.5,2.5,10000,501,ols,150,2.5,2.5,10000,501,6.768174806826085
2sls,501,10000,STATIC,2sls,60,0.75,3.0,10000,501,2sls,60,0.75,3.0,10000,501,6.681878744684937
ols,501,10000,STATIC,ols,60,0.5,4.0,10000,501,ols,60,0.5,4.0,10000,501,6.602406287366996
2sls,501,10000,STATIC,2sls,90,1.25,2.0,10000,501,2sls,90,1.25,2.0,10000,501,6.591535982585434
ols,501,10000,STATIC,ols,70,0.25,2.0,10000,501,ols,70,0.25,2.0,10000,501,6.474184101928259
ols,501,10000,STATIC,ols,100,0.75,2.0,10000,501,ols,100,0.75,2.0,10000,501,6.446512033629091
ols,501,10000,STATIC,ols,60,0.5,3.5,10000,501,ols,60,0.5,3.5,10000,501,6.3610500452103835
2sls,501,10000,STATIC,2sls,150,2.25,2.0,10000,501,2sls,150,2.25,2.0,10000,501,6.153857502091681
ols,501,10000,STATIC,ols,60,0.75,3.0,10000,501,ols,60,0.75,3.0,10000,501,6.08089954825892
2sls,501,10000,STATIC,2sls,60,0.5,4.0,10000,501,2sls,60,0.5,4.0,10000,501,6.032010288870126
2sls,501,10000,STATIC,2sls,70,1.5,2.0,10000,501,2sls,70,1.5,2.0,10000,501,6.030258113616842
2sls,501,10000,STATIC,2sls,90,2.0,2.0,10000,501,2sls,90,2.0,2.0,10000,501,5.676159416537395
ols,501,10000,STATIC,ols,80,2.5,2.5,10000,501,ols,80,2.5,2.5,10000,501,5.6308694659011955
2sls,501,10000,STATIC,2sls,120,2.5,2.5,10000,501,2sls,120,2.5,2.5,10000,501,5.471543705255147
2sls,501,10000,STATIC,2sls,100,2.5,2.5,10000,501,2sls,100,2.5,2.5,10000,501,5.365730152779861
2sls,501,10000,STATIC,2sls,60,0.5,3.5,10000,501,2sls,60,0.5,3.5,10000,501,5.342628431672601
2sls,501,10000,STATIC,2sls,60,1.5,4.0,10000,501,2sls,60,1.5,4.0,10000,501,5.332692538188283
2sls,501,10000,STATIC,2sls,70,2.5,2.5,10000,501,2sls,70,2.5,2.5,10000,501,5.282818429818402
ols,501,10000,STATIC,ols,60,1.5,4.0,10000,501,ols,60,1.5,4.0,10000,501,4.954416990643537
2sls,501,10000,STATIC,2sls,80,2.25,2.5,10000,501,2sls,80,2.25,2.5,10000,501,4.953636363058596
ols,501,10000,STATIC,ols,70,1.5,2.0,10000,501,ols,70,1.5,2.0,10000,501,4.843480643829086
ols,501,10000,STATIC,ols,70,2.5,2.5,10000,501,ols,70,2.5,2.5,10000,501,4.839173642581613
ols,501,10000,STATIC,ols,60,1.5,3.5,10000,501,ols,60,1.5,3.5,10000,501,4.720161016237078
2sls,501,10000,STATIC,2sls,60,1.5,3.5,10000,501,2sls,60,1.5,3.5,10000,501,4.657270114578161
ols,501,10000,STATIC,ols,140,2.25,2.0,10000,501,ols,140,2.25,2.0,10000,501,4.612632879838857
ols,501,10000,STATIC,ols,70,1.25,2.0,10000,501,ols,70,1.25,2.0,10000,501,4.59875642713083
2sls,501,10000,STATIC,2sls,140,2.5,2.5,10000,501,2sls,140,2.5,2.5,10000,501,4.594297220449025
2sls,501,10000,STATIC,2sls,70,0.5,2.0,10000,501,2sls,70,0.5,2.0,10000,501,4.505389852092669
2sls,501,10000,STATIC,2sls,110,0.75,2.0,10000,501,2sls,110,0.75,2.0,10000,501,4.307877321991562
ols,501,10000,STATIC,ols,60,0.5,3.0,10000,501,ols,60,0.5,3.0,10000,501,4.2946366773188345
2sls,501,10000,STATIC,2sls,70,1.25,2.0,10000,501,2sls,70,1.25,2.0,10000,501,4.2101130621216925
2sls,501,10000,STATIC,2sls,100,0.75,2.0,10000,501,2sls,100,0.75,2.0,10000,501,4.054508045495652
2sls,501,10000,STATIC,2sls,60,0.5,3.0,10000,501,2sls,60,0.5,3.0,10000,501,4.023774219726064
ols,501,10000,STATIC,ols,150,2.0,2.0,10000,501,ols,150,2.0,2.0,10000,501,3.7789981689434633
ols,501,10000,STATIC,ols,70,2.25,2.0,10000,501,ols,70,2.25,2.0,10000,501,3.592045545646217
ols,501,10000,STATIC,ols,60,1.0,4.0,10000,501,ols,60,1.0,4.0,10000,501,3.5542364796582078
ols,501,10000,STATIC,ols,60,1.75,2.5,10000,501,ols,60,1.75,2.5,10000,501,3.548612774844649
2sls,501,10000,STATIC,2sls,60,1.0,4.0,10000,501,2sls,60,1.0,4.0,10000,501,3.493078722458428
2sls,501,10000,STATIC,2sls,100,1.75,2.0,10000,501,2sls,100,1.75,2.0,10000,501,3.4541186063119547
2sls,501,10000,STATIC,2sls,70,2.25,2.0,10000,501,2sls,70,2.25,2.0,10000,501,3.416425030301321
ols,501,10000,STATIC,ols,60,1.0,3.5,10000,501,ols,60,1.0,3.5,10000,501,3.3219084942289285
ols,501,10000,STATIC,ols,70,0.5,2.0,10000,501,ols,70,0.5,2.0,10000,501,3.2123638851441996
ols,501,10000,STATIC,ols,100,1.75,2.0,10000,501,ols,100,1.75,2.0,10000,501,3.1952986909443553
2sls,501,10000,STATIC,2sls,60,1.5,3.0,10000,501,2sls,60,1.5,3.0,10000,501,3.10705233174869
ols,501,10000,STATIC,ols,110,0.75,2.0,10000,501,ols,110,0.75,2.0,10000,501,2.9582817340807352
ols,501,10000,STATIC,ols,140,2.5,2.5,10000,501,ols,140,2.5,2.5,10000,501,2.9035174268396133
2sls,501,10000,STATIC,2sls,130,2.5,2.5,10000,501,2sls,130,2.5,2.5,10000,501,2.852662848601227
ols,501,10000,STATIC,ols,140,2.0,2.0,10000,501,ols,140,2.0,2.0,10000,501,2.8490114825145483
2sls,501,10000,STATIC,2sls,60,1.0,3.5,10000,501,2sls,60,1.0,3.5,10000,501,2.82565174277763
ols,501,10000,STATIC,ols,60,0.25,2.0,10000,501,ols,60,0.25,2.0,10000,501,2.7950296297258035
2sls,501,10000,STATIC,2sls,70,2.0,2.0,10000,501,2sls,70,2.0,2.0,10000,501,2.53244440329194
ols,501,10000,STATIC,ols,60,1.5,3.0,10000,501,ols,60,1.5,3.0,10000,501,2.463876803457495
2sls,501,10000,STATIC,2sls,60,1.75,2.5,10000,501,2sls,60,1.75,2.5,10000,501,2.119457914293143
2sls,501,10000,STATIC,2sls,120,2.5,2.0,10000,501,2sls,120,2.5,2.0,10000,501,1.968042812487436
ols,501,10000,STATIC,ols,120,2.5,2.0,10000,501,ols,120,2.5,2.0,10000,501,1.7921632471280233
2sls,501,10000,STATIC,2sls,120,2.0,2.0,10000,501,2sls,120,2.0,2.0,10000,501,1.737286922608881
2sls,501,10000,STATIC,2sls,60,1.0,3.0,10000,501,2sls,60,1.0,3.0,10000,501,1.4185870857988476
ols,501,10000,STATIC,ols,60,0.25,2.5,10000,501,ols,60,0.25,2.5,10000,501,1.3348969292343966
ols,501,10000,STATIC,ols,60,1.0,3.0,10000,501,ols,60,1.0,3.0,10000,501,1.2228583969261635
2sls,501,10000,STATIC,2sls,120,2.25,2.0,10000,501,2sls,120,2.25,2.0,10000,501,1.1931876819444955
2sls,501,10000,STATIC,2sls,90,2.25,2.5,10000,501,2sls,90,2.25,2.5,10000,501,1.0669689928843624
2sls,501,10000,STATIC,2sls,60,0.25,2.0,10000,501,2sls,60,0.25,2.0,10000,501,0.7564229244452392
2sls,501,10000,STATIC,2sls,60,2.5,2.0,10000,501,2sls,60,2.5,2.0,10000,501,0.49154635977157746
2sls,501,10000,STATIC,2sls,150,2.0,2.0,10000,501,2sls,150,2.0,2.0,10000,501,0.33741777670742934
2sls,501,10000,STATIC,2sls,100,2.5,2.0,10000,501,2sls,100,2.5,2.0,10000,501,0.3218994315259245
ols,501,10000,STATIC,ols,100,2.5,2.0,10000,501,ols,100,2.5,2.0,10000,501,0.16798420664506608
ols,501,10000,STATIC,ols,60,2.5,2.0,10000,501,ols,60,2.5,2.0,10000,501,0.1332695382580713
2sls,501,10000,STATIC,2sls,60,0.25,2.5,10000,501,2sls,60,0.25,2.5,10000,501,-0.009445987380807708
2sls,501,10000,STATIC,2sls,80,2.5,2.0,10000,501,2sls,80,2.5,2.0,10000,501,-0.3765200259115318
ols,501,10000,STATIC,ols,60,0.75,2.0,10000,501,ols,60,0.75,2.0,10000,501,-0.4545447892561967
ols,501,10000,STATIC,ols,80,2.5,2.0,10000,501,ols,80,2.5,2.0,10000,501,-0.7324791443572396
2sls,501,10000,STATIC,2sls,80,1.75,2.0,10000,501,2sls,80,1.75,2.0,10000,501,-0.8561917096339897
ols,501,10000,STATIC,ols,100,2.0,2.0,10000,501,ols,100,2.0,2.0,10000,501,-0.8842674039362883
2sls,501,10000,STATIC,2sls,60,2.0,2.5,10000,501,2sls,60,2.0,2.5,10000,501,-1.2461554906953403
2sls,501,10000,STATIC,2sls,60,0.75,2.0,10000,501,2sls,60,0.75,2.0,10000,501,-1.3042378297474713
ols,501,10000,STATIC,ols,120,2.25,2.0,10000,501,ols,120,2.25,2.0,10000,501,-1.43475318210184
2sls,501,10000,STATIC,2sls,150,2.5,2.5,10000,501,2sls,150,2.5,2.5,10000,501,-1.4497338497310235
ols,501,10000,STATIC,ols,90,2.25,2.5,10000,501,ols,90,2.25,2.5,10000,501,-1.734499918490549
2sls,501,10000,STATIC,2sls,110,2.5,2.0,10000,501,2sls,110,2.5,2.0,10000,501,-1.9369902951480489
ols,501,10000,STATIC,ols,60,0.5,2.0,10000,501,ols,60,0.5,2.0,10000,501,-2.0315917386595075
ols,501,10000,STATIC,ols,130,2.5,2.5,10000,501,ols,130,2.5,2.5,10000,501,-2.088904823636218
ols,501,10000,STATIC,ols,80,1.75,2.0,10000,501,ols,80,1.75,2.0,10000,501,-2.2073636921064477
ols,501,10000,STATIC,ols,60,2.25,2.0,10000,501,ols,60,2.25,2.0,10000,501,-2.3075757087600213
2sls,501,10000,STATIC,2sls,70,2.5,2.0,10000,501,2sls,70,2.5,2.0,10000,501,-2.567713483048678
ols,501,10000,STATIC,ols,70,2.5,2.0,10000,501,ols,70,2.5,2.0,10000,501,-2.6992738492223545
2sls,501,10000,STATIC,2sls,60,0.75,2.5,10000,501,2sls,60,0.75,2.5,10000,501,-2.727391206254005
ols,501,10000,STATIC,ols,60,0.75,2.5,10000,501,ols,60,0.75,2.5,10000,501,-2.7782677010637897
ols,501,10000,STATIC,ols,130,2.25,2.0,10000,501,ols,130,2.25,2.0,10000,501,-2.836181962161204
2sls,501,10000,STATIC,2sls,140,2.5,2.0,10000,501,2sls,140,2.5,2.0,10000,501,-2.9019025304039427
ols,501,10000,STATIC,ols,60,2.0,2.5,10000,501,ols,60,2.0,2.5,10000,501,-2.9102467627256807
ols,501,10000,STATIC,ols,140,2.5,2.0,10000,501,ols,140,2.5,2.0,10000,501,-2.9218741189886632
ols,501,10000,STATIC,ols,80,2.25,2.0,10000,501,ols,80,2.25,2.0,10000,501,-3.0289016449529544
ols,501,10000,STATIC,ols,110,2.5,2.0,10000,501,ols,110,2.5,2.0,10000,501,-3.061710436441219
2sls,501,10000,STATIC,2sls,130,2.5,2.0,10000,501,2sls,130,2.5,2.0,10000,501,-3.4602730961738994
2sls,501,10000,STATIC,2sls,60,0.5,2.0,10000,501,2sls,60,0.5,2.0,10000,501,-3.719847149649894
ols,501,10000,STATIC,ols,60,1.5,2.0,10000,501,ols,60,1.5,2.0,10000,501,-3.781169621565148
ols,501,10000,STATIC,ols,60,0.5,2.5,10000,501,ols,60,0.5,2.5,10000,501,-4.000246213375831
2sls,501,10000,STATIC,2sls,60,1.5,2.0,10000,501,2sls,60,1.5,2.0,10000,501,-4.017546782698286
2sls,501,10000,STATIC,2sls,60,1.75,2.0,10000,501,2sls,60,1.75,2.0,10000,501,-4.133422533755034
ols,501,10000,STATIC,ols,130,2.5,2.0,10000,501,ols,130,2.5,2.0,10000,501,-4.31567957671248
2sls,501,10000,STATIC,2sls,80,2.25,2.0,10000,501,2sls,80,2.25,2.0,10000,501,-4.362781014725018
ols,501,10000,STATIC,ols,60,1.0,2.0,10000,501,ols,60,1.0,2.0,10000,501,-4.529111607810982
2sls,501,10000,STATIC,2sls,60,2.25,2.0,10000,501,2sls,60,2.25,2.0,10000,501,-4.716646928812976
2sls,501,10000,STATIC,2sls,150,2.5,2.0,10000,501,2sls,150,2.5,2.0,10000,501,-4.7980441881964255
ols,501,10000,STATIC,ols,150,2.5,2.0,10000,501,ols,150,2.5,2.0,10000,501,-4.907243898717334
2sls,501,10000,STATIC,2sls,60,0.5,2.5,10000,501,2sls,60,0.5,2.5,10000,501,-5.22055191405029
2sls,501,10000,STATIC,2sls,90,2.25,2.0,10000,501,2sls,90,2.25,2.0,10000,501,-5.323199242064683
2sls,501,10000,STATIC,2sls,130,2.25,2.0,10000,501,2sls,130,2.25,2.0,10000,501,-5.35100001777754
ols,501,10000,STATIC,ols,90,2.25,2.0,10000,501,ols,90,2.25,2.0,10000,501,-5.658227162912395
2sls,501,10000,STATIC,2sls,60,1.0,2.0,10000,501,2sls,60,1.0,2.0,10000,501,-5.717968071502394
ols,501,10000,STATIC,ols,100,2.25,2.0,10000,501,ols,100,2.25,2.0,10000,501,-5.7454202500224465
2sls,501,10000,STATIC,2sls,100,2.25,2.0,10000,501,2sls,100,2.25,2.0,10000,501,-5.751665474827874
ols,501,10000,STATIC,ols,60,1.75,2.0,10000,501,ols,60,1.75,2.0,10000,501,-6.315900493567604
2sls,501,10000,STATIC,2sls,60,1.5,2.5,10000,501,2sls,60,1.5,2.5,10000,501,-6.330443098895966
ols,501,10000,STATIC,ols,60,1.5,2.5,10000,501,ols,60,1.5,2.5,10000,501,-6.4079460712267995
2sls,501,10000,STATIC,2sls,60,2.0,2.0,10000,501,2sls,60,2.0,2.0,10000,501,-6.611943043858918
2sls,501,10000,STATIC,2sls,90,2.5,2.0,10000,501,2sls,90,2.5,2.0,10000,501,-6.630380122452221
ols,501,10000,STATIC,ols,90,2.5,2.0,10000,501,ols,90,2.5,2.0,10000,501,-6.723595664789157
2sls,501,10000,STATIC,2sls,100,2.0,2.0,10000,501,2sls,100,2.0,2.0,10000,501,-6.865486919614327
ols,501,10000,STATIC,ols,60,1.0,2.5,10000,501,ols,60,1.0,2.5,10000,501,-7.653592887403061
ols,501,10000,STATIC,ols,60,1.25,4.0,10000,501,ols,60,1.25,4.0,10000,501,-7.887066692397191
2sls,501,10000,STATIC,2sls,60,1.0,2.5,10000,501,2sls,60,1.0,2.5,10000,501,-7.993795341019332
ols,501,10000,STATIC,ols,60,1.25,3.5,10000,501,ols,60,1.25,3.5,10000,501,-8.120328950323167
2sls,501,10000,STATIC,2sls,60,1.25,4.0,10000,501,2sls,60,1.25,4.0,10000,501,-8.74577448290005
ols,501,10000,STATIC,ols,110,2.25,2.0,10000,501,ols,110,2.25,2.0,10000,501,-8.903737790593302
2sls,501,10000,STATIC,2sls,60,1.25,3.5,10000,501,2sls,60,1.25,3.5,10000,501,-9.42349729638482
ols,501,10000,STATIC,ols,90,2.5,2.5,10000,501,ols,90,2.5,2.5,10000,501,-9.633123092764922
ols,501,10000,STATIC,ols,60,1.25,3.0,10000,501,ols,60,1.25,3.0,10000,501,-10.349545684596777
2sls,501,10000,STATIC,2sls,60,1.25,3.0,10000,501,2sls,60,1.25,3.0,10000,501,-10.950331284894997
2sls,501,10000,STATIC,2sls,110,2.25,2.0,10000,501,2sls,110,2.25,2.0,10000,501,-11.764673659224481
2sls,501,10000,STATIC,2sls,90,2.5,2.5,10000,501,2sls,90,2.5,2.5,10000,501,-12.081608503666125
ols,501,10000,STATIC,ols,60,2.0,2.0,10000,501,ols,60,2.0,2.0,10000,501,-12.743643814564361
ols,501,10000,STATIC,ols,60,1.25,2.0,10000,501,ols,60,1.25,2.0,10000,501,-16.537715178464566
2sls,501,10000,STATIC,2sls,60,1.25,2.0,10000,501,2sls,60,1.25,2.0,10000,501,-18.501419193411692
ols,501,10000,STATIC,ols,60,1.25,2.5,10000,501,ols,60,1.25,2.5,10000,501,-19.37638108568564
2sls,501,10000,STATIC,2sls,60,1.25,2.5,10000,501,2sls,60,1.25,2.5,10000,501,-20.51160777727266
