ADAPTIVE_START_DAY,ZSCORE_LOOKBACK,ENTRY_THRESHOLD,STOP_LOSS_THRESHOLD,POSITION_SIZE,score
501,130,2.1,3.75,10000,45.46299949747576
501,130,2.1,4.0,10000,45.46299949747576
501,130,1.8000000000000003,3.75,10000,45.43855895675591
501,130,1.8000000000000003,4.0,10000,45.43855895675591
501,130,2.1,3.5,10000,45.034157965440045
501,130,1.8000000000000003,3.5,10000,45.02612891092686
501,130,2.0,4.0,10000,45.01091386463598
501,130,2.0,3.75,10000,45.01091386463598
501,130,2.0,3.5,10000,44.60113583497407
501,130,1.7000000000000002,4.0,10000,44.15206818186441
501,130,1.7000000000000002,3.75,10000,44.15206818186441
501,130,1.7000000000000002,3.5,10000,43.743226657405145
501,130,1.9000000000000001,4.0,10000,43.39199728615972
501,130,1.9000000000000001,3.75,10000,43.39199728615972
501,130,1.6,3.75,10000,43.32982974146785
501,130,1.6,4.0,10000,43.32982974146785
501,130,1.8000000000000003,3.25,10000,43.1556166690568
501,130,2.1,3.25,10000,43.09709630899512
501,130,1.9000000000000001,3.5,10000,42.98154184290816
501,130,1.6,3.5,10000,42.93471085027973
501,130,1.8000000000000003,3.0,10000,42.68793384996041
501,130,2.0,3.25,10000,42.664355816626966
501,130,2.2,4.0,10000,42.433194166849574
501,130,2.2,3.75,10000,42.433194166849574
501,130,2.2,3.5,10000,42.006805837256564
501,130,1.7000000000000002,3.25,10000,41.87468852871213
501,130,1.8000000000000003,2.75,10000,41.6929538525964
501,130,1.7000000000000002,3.0,10000,41.308812147053416
501,130,1.9000000000000001,3.25,10000,41.08212018534411
501,130,1.6,3.25,10000,41.069782951589644
501,130,1.5000000000000002,3.75,10000,40.889911001716726
501,130,1.5000000000000002,4.0,10000,40.889911001716726
501,130,2.1,3.0,10000,40.705683018411115
501,130,1.9000000000000001,3.0,10000,40.49873371492861
501,130,1.5000000000000002,3.5,10000,40.49355789781381
501,130,1.6,3.0,10000,40.486903985743865
501,130,1.7000000000000002,2.75,10000,40.395265144417436
501,130,2.0,3.0,10000,40.24778279502851
501,130,2.2,3.25,10000,40.147753406879175
501,130,1.4000000000000001,4.0,10000,39.868039695160654
501,130,1.4000000000000001,3.75,10000,39.868039695160654
501,130,1.6,2.75,10000,39.55792973853467
501,130,2.1,2.75,10000,39.53352148841977
501,130,1.9000000000000001,2.75,10000,39.50953181263186
501,130,1.4000000000000001,3.5,10000,39.47590590993003
501,130,2.0,2.75,10000,39.30053902386995
501,130,1.5000000000000002,3.25,10000,38.57664822866998
501,130,1.5000000000000002,3.0,10000,38.19935164140061
501,130,0.8,3.75,10000,38.198158558265256
501,130,0.8,4.0,10000,38.198158558265256
501,130,0.7000000000000001,3.75,10000,37.96695875696421
501,130,0.7000000000000001,4.0,10000,37.96695875696421
501,130,0.9,4.0,10000,37.96670539209848
501,130,0.9,3.75,10000,37.96670539209848
501,130,1.8000000000000003,2.5,10000,37.928758571621174
501,130,0.8,3.5,10000,37.80341802677667
501,130,2.2,3.0,10000,37.77940833044248
501,130,0.9,3.5,10000,37.57395046737221
501,130,0.7000000000000001,3.5,10000,37.571136415607675
501,130,1.4000000000000001,3.25,10000,37.5410218840584
501,130,1.5000000000000002,2.75,10000,37.29069383304403
501,130,1.4000000000000001,3.0,10000,37.12370889039184
501,130,0.5,4.0,10000,36.769992381290564
501,130,0.5,3.75,10000,36.769992381290564
501,130,0.6,4.0,10000,36.396535218410044
501,130,0.6,3.75,10000,36.396535218410044
501,130,0.5,3.5,10000,36.37661358392326
501,130,1.4000000000000001,2.75,10000,36.28086583856835
501,130,2.0,2.25,10000,36.21437820644535
501,130,1.7000000000000002,2.5,10000,36.10395384267187
501,100,0.2,3.5,10000,36.0153018140889
501,100,0.2,4.0,10000,36.0153018140889
501,100,0.2,3.75,10000,36.0153018140889
501,130,0.6,3.5,10000,36.00397415234441
501,130,1.9000000000000001,2.5,10000,35.89064174093757
501,130,0.8,3.25,10000,35.81916798148037
501,100,0.2,3.25,10000,35.66535827032135
501,130,2.0,2.5,10000,35.641461776004064
501,130,0.9,3.25,10000,35.58944406976102
501,130,0.7000000000000001,3.25,10000,35.58109863334968
501,130,0.8,3.0,10000,35.56508158984246
501,130,2.3000000000000003,4.0,10000,35.468661848118714
501,130,2.3000000000000003,3.75,10000,35.468661848118714
501,130,0.7000000000000001,3.0,10000,35.33732198045674
501,130,0.9,3.0,10000,35.3365672346172
501,130,1.6,2.5,10000,35.077425059131215
501,130,2.3000000000000003,3.5,10000,35.045814587674464
501,100,0.1,4.0,10000,34.93299481268843
501,100,0.1,3.75,10000,34.93299481268843
501,100,0.1,3.5,10000,34.93299481268843
501,130,2.2,2.5,10000,34.703952928374164
501,100,0.1,3.25,10000,34.582164556925434
501,130,0.8,2.75,10000,34.54611545432137
501,130,2.2,2.75,10000,34.37308598560167
501,130,0.9,2.75,10000,34.319064544181046
501,130,0.7000000000000001,2.75,10000,34.31743473306423
501,130,0.5,3.25,10000,34.30630635222831
501,130,0.5,3.0,10000,34.058448884663086
501,130,0.6,3.25,10000,33.931038708260125
501,130,0.6,3.0,10000,33.70274212333518
501,100,0.4,3.5,10000,33.505922887146085
501,100,0.4,3.75,10000,33.505922887146085
501,100,0.4,4.0,10000,33.505922887146085
501,100,0.2,3.0,10000,33.28933718341875
501,130,2.3000000000000003,3.25,10000,33.18702035442357
501,100,0.4,3.25,10000,33.13594951199072
501,130,1.3000000000000003,4.0,10000,33.101244840076326
501,130,1.3000000000000003,3.75,10000,33.101244840076326
501,130,0.5,2.75,10000,33.01833741248564
501,130,2.1,2.5,10000,32.99579052134536
501,130,0.4,3.75,10000,32.8403808852145
501,130,0.4,4.0,10000,32.8403808852145
501,130,1.5000000000000002,2.5,10000,32.804898879512
501,130,1.3000000000000003,3.5,10000,32.70861296213168
501,130,0.6,2.75,10000,32.67188507878914
501,130,1.0,3.75,10000,32.60136976870336
501,130,1.0,4.0,10000,32.60136976870336
501,130,0.4,3.5,10000,32.44603896568122
501,130,1.0,3.5,10000,32.21130740849106
501,100,0.1,3.0,10000,32.19683964633924
501,100,1.5000000000000002,4.0,10000,31.923894549259543
501,100,1.5000000000000002,3.75,10000,31.923894549259543
501,100,1.5000000000000002,3.5,10000,31.923894549259543
501,130,1.8000000000000003,2.25,10000,31.83306512232576
501,130,1.4000000000000001,2.5,10000,31.79030372840576
501,100,1.5000000000000002,3.25,10000,31.571252990471955
501,100,2.1,3.75,10000,31.361731863194933
501,100,2.1,4.0,10000,31.361731863194933
501,100,2.1,3.5,10000,31.361731863194933
501,100,1.4000000000000001,4.0,10000,31.326209895271063
501,100,1.4000000000000001,3.5,10000,31.326209895271063
501,100,1.4000000000000001,3.75,10000,31.326209895271063
501,130,1.9000000000000001,2.0,10000,31.311347529619237
501,70,1.9000000000000001,3.25,10000,31.141123761130597
501,100,0.30000000000000004,3.5,10000,31.060140884858356
501,100,0.30000000000000004,4.0,10000,31.060140884858356
501,100,0.30000000000000004,3.75,10000,31.060140884858356
501,70,1.9000000000000001,3.75,10000,31.014916016584895
501,70,1.9000000000000001,4.0,10000,31.014916016584895
501,100,2.0,3.75,10000,30.991863736372544
501,100,2.0,4.0,10000,30.991863736372544
501,100,2.0,3.5,10000,30.991863736372544
501,100,2.1,3.25,10000,30.98088859270444
501,100,1.4000000000000001,3.25,10000,30.951050574224197
501,100,1.6,4.0,10000,30.848196172336312
501,100,1.6,3.75,10000,30.848196172336312
501,100,1.6,3.5,10000,30.848196172336312
501,70,2.0,3.25,10000,30.829196794932777
501,130,2.3000000000000003,3.0,10000,30.808915918244768
501,130,1.3000000000000003,3.25,10000,30.783575241734326
501,100,0.4,3.0,10000,30.78077776041315
501,100,0.30000000000000004,3.25,10000,30.713239112267487
501,70,2.0,4.0,10000,30.701746502668257
501,70,2.0,3.75,10000,30.701746502668257
501,100,2.0,3.25,10000,30.61485970126035
501,70,1.9000000000000001,3.5,10000,30.563805494542336
501,100,1.6,3.25,10000,30.465674793715543
501,130,1.2000000000000002,4.0,10000,30.45077065510715
501,130,1.2000000000000002,3.75,10000,30.45077065510715
501,130,0.4,3.25,10000,30.37733327146791
501,130,1.3000000000000003,3.0,10000,30.371055887558626
501,130,1.1,3.75,10000,30.280742022941205
501,130,1.1,4.0,10000,30.280742022941205
501,130,1.0,3.25,10000,30.269132612691614
501,130,0.8,2.5,10000,30.25888044672626
501,70,2.0,3.5,10000,30.254559852580467
501,130,0.7000000000000001,2.5,10000,30.21216239746262
501,130,1.7000000000000002,2.25,10000,30.127192301426955
501,130,0.4,3.0,10000,30.125352552514798
501,130,1.2000000000000002,3.5,10000,30.055992152922812
501,130,0.9,2.5,10000,30.0376603813867
501,130,1.9000000000000001,2.25,10000,29.96908127637039
501,130,1.0,3.0,10000,29.960993358687894
501,130,1.1,3.5,10000,29.8855908002878
501,130,2.4000000000000004,3.75,10000,29.687327318646204
501,130,2.4000000000000004,4.0,10000,29.687327318646204
501,130,1.6,2.25,10000,29.60845700403847
501,130,1.3000000000000003,2.75,10000,29.539926387645508
501,70,1.9000000000000001,3.0,10000,29.49270508155401
501,100,0.2,2.75,10000,29.463398623730278
501,100,1.5000000000000002,3.0,10000,29.437814861029203
501,130,2.4000000000000004,3.5,10000,29.26657247526857
501,130,0.2,3.75,10000,29.219562888321633
501,130,0.2,4.0,10000,29.219562888321633
501,100,1.7000000000000002,3.75,10000,29.16147327010388
501,100,1.7000000000000002,3.5,10000,29.16147327010388
501,100,1.7000000000000002,4.0,10000,29.16147327010388
501,70,2.0,3.0,10000,29.11851029360555
501,130,0.4,2.75,10000,29.07742612054836
501,130,0.5,2.5,10000,28.965086737210292
501,130,1.0,2.75,10000,28.944894700491318
501,130,0.2,3.5,10000,28.829390005754867
501,100,1.4000000000000001,3.0,10000,28.802246979585327
501,100,1.7000000000000002,3.25,10000,28.779145462066513
501,100,2.1,3.0,10000,28.74674566340326
501,100,1.3000000000000003,3.75,10000,28.608353233022328
501,100,1.3000000000000003,4.0,10000,28.608353233022328
501,100,1.3000000000000003,3.5,10000,28.608353233022328
501,130,0.6,2.5,10000,28.57570642672217
501,100,1.6,3.0,10000,28.573911634645
501,100,0.2,2.5,10000,28.493992066640388
501,100,2.0,3.0,10000,28.491653238540504
501,100,0.7000000000000001,3.5,10000,28.41731925658962
501,100,0.7000000000000001,3.75,10000,28.41731925658962
501,100,0.7000000000000001,4.0,10000,28.41731925658962
501,100,0.1,2.75,10000,28.3552792865906
501,130,0.30000000000000004,3.75,10000,28.35417855808346
501,130,0.30000000000000004,4.0,10000,28.35417855808346
501,100,1.9000000000000001,3.75,10000,28.345777550787616
501,100,1.9000000000000001,3.5,10000,28.345777550787616
501,100,1.9000000000000001,4.0,10000,28.345777550787616
501,100,0.30000000000000004,3.0,10000,28.344057186534585
501,130,1.6,2.0,10000,28.32639438058242
501,100,1.3000000000000003,3.25,10000,28.221498296366406
501,130,0.1,4.0,10000,28.16688892461392
501,130,0.1,3.75,10000,28.16688892461392
501,130,1.2000000000000002,3.25,10000,28.158147143302976
501,100,0.7000000000000001,3.25,10000,28.031335182148574
501,100,1.9000000000000001,3.25,10000,27.96469801651137
501,130,0.30000000000000004,3.5,10000,27.95858843327273
501,130,1.1,3.25,10000,27.95803789379559
501,100,0.5,4.0,10000,27.810815506773686
501,100,0.5,3.5,10000,27.810815506773686
501,100,0.5,3.75,10000,27.810815506773686
501,130,0.1,3.5,10000,27.770845827864477
501,130,1.2000000000000002,3.0,10000,27.742629042514352
501,70,1.8000000000000003,3.25,10000,27.71153204460412
501,130,1.1,3.0,10000,27.593142284342463
501,70,1.8000000000000003,4.0,10000,27.558177144888248
501,70,1.8000000000000003,3.75,10000,27.558177144888248
501,130,2.3000000000000003,2.75,10000,27.430978411741982
501,130,2.4000000000000004,3.25,10000,27.417565701530506
501,100,0.5,3.25,10000,27.407274627986155
501,100,0.1,2.5,10000,27.385753362410725
501,70,2.1,3.25,10000,27.294052472609184
501,70,2.1,4.0,10000,27.146030439829673
501,70,2.1,3.75,10000,27.146030439829673
501,70,1.8000000000000003,3.5,10000,27.104651502215873
501,100,0.4,2.75,10000,27.08507137951687
501,130,1.2000000000000002,2.75,10000,26.93917975795175
501,100,1.7000000000000002,3.0,10000,26.878536187251978
501,130,1.1,2.75,10000,26.815601803851884
501,130,0.2,3.25,10000,26.773204926543414
501,70,2.1,3.5,10000,26.621751436797652
501,100,0.6,3.75,10000,26.606010450127357
501,100,0.6,4.0,10000,26.606010450127357
501,100,0.6,3.5,10000,26.606010450127357
501,130,1.5000000000000002,2.25,10000,26.60558703193454
501,100,1.0,4.0,10000,26.48433682261775
501,100,1.0,3.75,10000,26.48433682261775
501,100,1.0,3.5,10000,26.48433682261775
501,130,0.2,3.0,10000,26.47473161041195
501,100,1.2000000000000002,3.5,10000,26.29748598158818
501,100,1.2000000000000002,4.0,10000,26.29748598158818
501,100,1.2000000000000002,3.75,10000,26.29748598158818
501,100,1.9000000000000001,3.0,10000,26.284161493133613
501,100,0.6,3.25,10000,26.197275933146372
501,100,1.0,3.25,10000,26.099717927112067
501,70,1.8000000000000003,3.0,10000,26.063447609311908
501,100,0.4,2.5,10000,26.00613282453466
501,100,1.3000000000000003,3.0,10000,25.98503809832968
501,100,1.2000000000000002,3.25,10000,25.925703433989312
501,70,1.7000000000000002,3.25,10000,25.910491183146455
501,130,0.30000000000000004,3.25,10000,25.90350747554728
501,70,2.1,3.0,10000,25.895926767424974
501,70,1.7000000000000002,4.0,10000,25.755632687223073
501,70,1.7000000000000002,3.75,10000,25.755632687223073
501,130,1.7000000000000002,2.0,10000,25.733790966460994
501,130,0.1,3.25,10000,25.715110453481884
501,100,0.7000000000000001,3.0,10000,25.655084770917234
501,130,0.30000000000000004,3.0,10000,25.61770901812966
501,100,1.5000000000000002,2.75,10000,25.580841961980703
501,130,0.2,2.75,10000,25.516325880826983
501,130,1.4000000000000001,2.25,10000,25.450305354025197
501,130,0.1,3.0,10000,25.406303250090133
501,70,0.8,3.25,10000,25.32205507068906
501,100,1.8000000000000003,4.0,10000,25.303156088244066
501,100,1.8000000000000003,3.75,10000,25.303156088244066
501,100,1.8000000000000003,3.5,10000,25.303156088244066
501,70,1.7000000000000002,3.5,10000,25.300033102029506
501,100,2.1,2.75,10000,25.296338567318784
501,70,0.9,3.25,10000,25.291915513778903
501,70,0.8,4.0,10000,25.163131107991696
501,70,0.8,3.75,10000,25.163131107991696
501,130,1.3000000000000003,2.5,10000,25.149162443354683
501,70,0.9,3.75,10000,25.135682781190795
501,70,0.9,4.0,10000,25.135682781190795
501,130,0.4,2.5,10000,25.119904391607434
501,130,1.8000000000000003,2.0,10000,25.086855447213107
501,100,0.5,3.0,10000,25.02966873615953
501,100,1.4000000000000001,2.75,10000,25.0239653067918
501,100,1.8000000000000003,3.25,10000,24.922906395118222
501,100,2.0,2.75,10000,24.919021717204217
501,100,2.2,4.0,10000,24.868091576451082
501,100,2.2,3.75,10000,24.868091576451082
501,100,2.2,3.5,10000,24.868091576451082
501,70,0.8,3.5,10000,24.712911257367097
501,100,0.30000000000000004,2.75,10000,24.712120193032213
501,130,1.0,2.5,10000,24.71209947130567
501,70,0.9,3.5,10000,24.68952416100283
501,100,1.6,2.75,10000,24.66727180775247
501,130,0.30000000000000004,2.75,10000,24.562749333661557
501,130,2.2,2.25,10000,24.557651710512893
501,100,2.2,3.25,10000,24.49167429356581
501,130,0.1,2.75,10000,24.470464880848468
501,70,0.30000000000000004,3.25,10000,24.364442932709963
501,100,0.2,2.25,10000,24.281171624919146
501,100,0.8,3.75,10000,24.205738364391614
501,100,0.8,4.0,10000,24.205738364391614
501,100,0.8,3.5,10000,24.205738364391614
501,70,0.30000000000000004,4.0,10000,24.20331264214682
501,70,0.30000000000000004,3.75,10000,24.20331264214682
501,70,1.7000000000000002,3.0,10000,24.20089941860129
501,100,0.8,3.25,10000,23.821858564806135
501,100,0.6,3.0,10000,23.819350005742635
501,100,1.5000000000000002,2.5,10000,23.771629579658367
501,100,1.0,3.0,10000,23.758626292164443
501,100,0.30000000000000004,2.5,10000,23.736379063467098
501,70,0.30000000000000004,3.5,10000,23.72856586378908
501,100,1.2000000000000002,3.0,10000,23.68187820588969
501,100,0.1,2.25,10000,23.635545918400226
501,70,0.8,3.0,10000,23.634658130549504
501,70,0.9,3.0,10000,23.600314852138894
501,130,0.8,2.25,10000,23.592090186640952
501,70,0.1,3.25,10000,23.461940465321774
501,130,0.7000000000000001,2.25,10000,23.455430628352104
501,130,0.9,2.25,10000,23.330771122943652
501,130,2.4000000000000004,3.0,10000,23.313939900624813
501,70,0.1,4.0,10000,23.29994001876043
501,70,0.1,3.75,10000,23.29994001876043
501,100,1.4000000000000001,2.5,10000,23.12057046876101
501,70,1.1,3.25,10000,23.03300660955609
501,100,1.8000000000000003,3.0,10000,23.001767722725496
501,70,2.2,3.25,10000,22.963437802203348
501,100,1.7000000000000002,2.75,10000,22.92816275886099
501,70,2.0,2.75,10000,22.877465705252
501,70,1.1,3.75,10000,22.876200431475958
501,70,1.1,4.0,10000,22.876200431475958
501,70,0.1,3.5,10000,22.821664297113983
501,70,2.2,4.0,10000,22.814650945995666
501,70,2.2,3.75,10000,22.814650945995666
501,100,1.6,2.5,10000,22.73290951958164
501,70,0.30000000000000004,3.0,10000,22.72403112891027
501,130,2.3000000000000003,2.5,10000,22.718055512096306
501,130,1.2000000000000002,2.5,10000,22.50363718697748
501,130,1.5000000000000002,2.0,10000,22.47780148641959
501,100,1.3000000000000003,2.75,10000,22.461159762339072
501,100,0.9,4.0,10000,22.446875426543976
501,100,0.9,3.5,10000,22.446875426543976
501,100,0.9,3.75,10000,22.446875426543976
501,70,1.1,3.5,10000,22.43513703059945
501,130,0.5,2.25,10000,22.396725206460083
501,130,1.1,2.5,10000,22.32908930813386
501,70,2.2,3.5,10000,22.295926072425974
501,100,2.2,3.0,10000,22.26319741681132
501,100,0.9,3.25,10000,22.06594082745331
501,100,2.4000000000000004,4.0,10000,22.05765484653558
501,100,2.4000000000000004,3.5,10000,22.05765484653558
501,100,2.4000000000000004,3.75,10000,22.05765484653558
501,130,0.6,2.25,10000,21.97308029917218
501,100,0.7000000000000001,2.75,10000,21.951736202877996
501,70,0.1,3.0,10000,21.85865271946446
501,130,1.4000000000000001,2.0,10000,21.828963343278527
501,100,1.9000000000000001,2.75,10000,21.809170351239263
501,130,2.1,2.25,10000,21.792621687549378
501,70,1.9000000000000001,2.75,10000,21.73471936790898
501,100,0.4,2.25,10000,21.726141937762428
501,100,2.4000000000000004,3.25,10000,21.687893755462113
501,70,2.2,3.0,10000,21.68659205196287
501,100,1.1,3.5,10000,21.553510592073835
501,100,1.1,3.75,10000,21.553510592073835
501,100,1.1,4.0,10000,21.553510592073835
501,70,2.3000000000000003,3.25,10000,21.531387075220465
501,130,2.5000000000000004,4.0,10000,21.518290167593037
501,130,2.5000000000000004,3.75,10000,21.518290167593037
501,100,1.7000000000000002,2.5,10000,21.518080785787614
501,100,1.3000000000000003,2.5,10000,21.511067424497035
501,130,0.2,2.5,10000,21.467052845889988
501,100,0.8,3.0,10000,21.449805673950806
501,70,2.3000000000000003,3.75,10000,21.381204134375796
501,70,2.3000000000000003,4.0,10000,21.381204134375796
501,100,1.5000000000000002,2.25,10000,21.359583706999313
501,100,0.5,2.75,10000,21.33775871489179
501,70,1.1,3.0,10000,21.32526777546905
501,70,1.0,3.25,10000,21.295903860819955
501,100,1.1,3.25,10000,21.181279009107406
501,70,0.7000000000000001,3.25,10000,21.162263960640075
501,70,1.4000000000000001,3.25,10000,21.143249897283155
501,70,1.0,3.75,10000,21.139988685774114
501,70,1.0,4.0,10000,21.139988685774114
501,130,2.5000000000000004,3.5,10000,21.101675986130402
501,70,0.7000000000000001,4.0,10000,21.003526382334655
501,70,0.7000000000000001,3.75,10000,21.003526382334655
501,70,1.4000000000000001,4.0,10000,20.970455836609133
501,70,1.4000000000000001,3.75,10000,20.970455836609133
501,100,0.7000000000000001,2.5,10000,20.935791707627615
501,70,2.3000000000000003,3.5,10000,20.864543551258496
501,70,1.0,3.5,10000,20.697328623241603
501,130,0.1,2.5,10000,20.670668832240246
501,130,0.30000000000000004,2.5,10000,20.62880659700918
501,100,2.1,2.5,10000,20.628110902841623
501,70,1.3000000000000003,3.25,10000,20.57136868528451
501,70,0.7000000000000001,3.5,10000,20.551209433245766
501,70,1.4000000000000001,3.5,10000,20.50478273930937
501,70,1.3000000000000003,4.0,10000,20.399374949132188
501,70,1.3000000000000003,3.75,10000,20.399374949132188
501,100,1.0,2.75,10000,20.273106810036914
501,100,0.5,2.5,10000,20.249184495279387
501,70,2.3000000000000003,3.0,10000,20.23433797411796
501,100,1.2000000000000002,2.75,10000,20.168406138196424
501,100,0.6,2.75,10000,20.126126046425554
501,100,1.6,2.25,10000,20.003093678826236
501,130,2.4000000000000004,2.75,10000,19.97096003313849
501,70,1.3000000000000003,3.5,10000,19.931973215898694
501,70,0.2,3.25,10000,19.93159074911314
501,100,1.4000000000000001,2.25,10000,19.909626910676586
501,70,0.2,3.75,10000,19.769743169964528
501,70,0.2,4.0,10000,19.769743169964528
501,100,0.9,3.0,10000,19.703164291887923
501,70,1.0,3.0,10000,19.597287105504925
501,70,1.2000000000000002,3.25,10000,19.557864047377336
501,70,0.7000000000000001,3.0,10000,19.515052178169128
501,100,0.30000000000000004,2.25,10000,19.476209533947753
501,70,1.4000000000000001,3.0,10000,19.42096861638199
501,70,1.2000000000000002,4.0,10000,19.392496652286134
501,70,1.2000000000000002,3.75,10000,19.392496652286134
501,100,1.0,2.5,10000,19.34837352507637
501,100,2.3000000000000003,4.0,10000,19.308562063599837
501,100,2.3000000000000003,3.75,10000,19.308562063599837
501,100,2.3000000000000003,3.5,10000,19.308562063599837
501,70,0.2,3.5,10000,19.291586687464232
501,70,1.5000000000000002,3.25,10000,19.282175061911317
501,100,2.2,2.75,10000,19.27432875357145
501,130,0.8,2.0,10000,19.272823199946124
501,130,2.5000000000000004,3.25,10000,19.264876530911238
501,130,0.7000000000000001,2.0,10000,19.201030381070836
501,100,1.2000000000000002,2.5,10000,19.186319218579513
501,100,0.6,2.5,10000,19.11515783543721
501,70,1.5000000000000002,3.75,10000,19.11269601207629
501,70,1.5000000000000002,4.0,10000,19.11269601207629
501,100,1.8000000000000003,2.75,10000,19.106013710585827
501,70,2.1,2.75,10000,19.10267572350908
501,130,0.9,2.0,10000,18.95575709524128
501,100,1.1,3.0,10000,18.939498874666832
501,100,2.3000000000000003,3.25,10000,18.937450594211438
501,70,1.2000000000000002,3.5,10000,18.92041622962337
501,70,1.3000000000000003,3.0,10000,18.873300034326647
501,130,0.5,2.0,10000,18.69701544144599
501,70,1.5000000000000002,3.5,10000,18.65167174064814
501,130,0.4,2.25,10000,18.602792835613897
501,70,0.5,3.25,10000,18.50097694807107
501,130,2.4000000000000004,2.5,10000,18.39835349648338
501,100,0.2,2.0,10000,18.36629741643509
501,70,2.0,2.5,10000,18.34591241972063
501,70,0.5,4.0,10000,18.340293208109493
501,70,0.5,3.75,10000,18.340293208109493
501,70,0.2,3.0,10000,18.319195991787595
501,130,1.3000000000000003,2.25,10000,18.311572761329018
501,70,1.8000000000000003,2.75,10000,18.310354440020053
501,100,1.7000000000000002,2.25,10000,18.30993847067345
501,70,1.6,3.25,10000,18.286090807817118
501,70,1.7000000000000002,2.75,10000,18.230085575988248
501,100,2.4000000000000004,3.0,10000,18.189693749098566
501,100,2.5000000000000004,3.5,10000,18.14261294345823
501,100,2.5000000000000004,3.75,10000,18.14261294345823
501,100,2.5000000000000004,4.0,10000,18.14261294345823
501,70,2.5000000000000004,3.25,10000,18.135322114734336
501,70,1.6,3.75,10000,18.12040357848874
501,70,1.6,4.0,10000,18.12040357848874
501,70,2.5000000000000004,4.0,10000,17.98324685033444
501,70,2.5000000000000004,3.75,10000,17.98324685033444
501,70,1.2000000000000002,3.0,10000,17.884243142145422
501,70,0.5,3.5,10000,17.869552286154544
501,100,2.5000000000000004,3.25,10000,17.78420181662439
501,100,1.3000000000000003,2.25,10000,17.780924509557487
501,70,2.5000000000000004,3.5,10000,17.77888770088821
501,100,0.8,2.75,10000,17.75742174258869
501,130,1.0,2.25,10000,17.753846811033917
501,70,1.5000000000000002,3.0,10000,17.720739781520685
501,130,0.6,2.0,10000,17.689810566170777
501,70,1.6,3.5,10000,17.660925398147008
501,70,2.5000000000000004,3.0,10000,17.64164986389288
501,100,1.8000000000000003,2.5,10000,17.62577482996528
501,100,0.1,2.0,10000,17.428500889042752
501,70,1.9000000000000001,2.5,10000,17.11475518180047
501,70,0.8,2.75,10000,16.996616386780417
501,70,0.9,2.75,10000,16.983419917578424
501,100,2.0,2.5,10000,16.912317271951892
501,70,1.7000000000000002,2.5,10000,16.9014260749815
501,70,0.5,3.0,10000,16.868825983907264
501,100,1.9000000000000001,2.5,10000,16.84072028026309
501,100,0.7000000000000001,2.25,10000,16.81754240236571
501,70,0.6,3.25,10000,16.78183479435944
501,100,0.8,2.5,10000,16.742037163502125
501,70,0.6,3.75,10000,16.62280541376203
501,70,0.6,4.0,10000,16.62280541376203
501,70,1.6,3.0,10000,16.582467324109004
501,100,2.3000000000000003,3.0,10000,16.452648907495263
501,130,2.3000000000000003,2.25,10000,16.27442328212888
501,70,0.4,3.25,10000,16.2461979577813
501,100,2.1,2.25,10000,16.184555172692335
501,70,0.6,3.5,10000,16.168580798075276
501,70,0.4,3.75,10000,16.08617063114778
501,70,0.4,4.0,10000,16.08617063114778
501,100,1.5000000000000002,1.75,10000,16.038967936081043
501,100,0.9,2.75,10000,16.008183273518874
501,100,0.4,2.0,10000,16.00815243497886
501,100,0.5,2.25,10000,15.989852571961507
501,100,2.2,2.5,10000,15.872928570481637
501,70,0.8,2.5,10000,15.867738956110522
501,70,0.9,2.5,10000,15.856166627714622
501,100,1.5000000000000002,2.0,10000,15.796653849463553
501,70,0.4,3.5,10000,15.61367803483671
501,70,0.30000000000000004,2.75,10000,15.590796416155555
501,130,1.2000000000000002,2.25,10000,15.571013723800768
501,100,1.2000000000000002,2.25,10000,15.48697855214359
501,70,2.2,2.75,10000,15.422614246640276
501,100,1.1,2.75,10000,15.411744697779262
501,130,1.1,2.25,10000,15.36680516307834
501,130,1.6,1.75,10000,15.365734508073977
501,70,1.8000000000000003,2.5,10000,15.297133354655315
501,100,1.0,2.25,10000,15.172537827731915
501,70,0.6,3.0,10000,15.124806563435115
501,100,0.9,2.5,10000,15.030873664746878
501,100,0.6,2.25,10000,14.995139573915182
501,130,0.4,2.0,10000,14.928301954794605
501,130,0.2,2.25,10000,14.857823509169357
501,100,1.4000000000000001,1.75,10000,14.820522448628598
501,100,1.9000000000000001,2.25,10000,14.776659967262994
501,70,0.1,2.75,10000,14.756887083588289
501,70,0.30000000000000004,2.5,10000,14.730425578006596
501,130,1.4000000000000001,1.75,10000,14.618797318054952
501,70,0.4,3.0,10000,14.615236216100975
501,70,2.4000000000000004,3.25,10000,14.598176679934035
501,70,1.1,2.75,10000,14.569466784293574
501,100,1.4000000000000001,2.0,10000,14.514423909284702
501,100,1.1,2.5,10000,14.455172885518394
501,70,2.4000000000000004,4.0,10000,14.448478234812335
501,70,2.4000000000000004,3.75,10000,14.448478234812335
501,70,2.1,2.5,10000,14.362000510594111
501,100,2.5000000000000004,3.0,10000,14.319473677599195
501,70,2.3000000000000003,2.75,10000,14.257106713417588
501,70,2.4000000000000004,3.5,10000,14.240501471812685
501,130,0.30000000000000004,2.25,10000,14.182018212835715
501,100,2.4000000000000004,2.5,10000,14.099230222395374
501,70,1.8000000000000003,2.0,10000,14.08359755948974
501,130,0.1,2.25,10000,14.082439701855314
501,70,0.1,2.5,10000,14.02180353455811
501,130,2.0,2.0,10000,13.903369117615537
501,100,2.0,2.25,10000,13.837020725341098
501,130,1.3000000000000003,2.0,10000,13.82799657306371
501,130,1.0,2.0,10000,13.765483101732748
501,100,0.30000000000000004,2.0,10000,13.686033457001706
501,130,0.8,1.75,10000,13.637320566550144
501,100,1.6,2.0,10000,13.636713070807193
501,70,1.7000000000000002,2.0,10000,13.595608020340663
501,70,1.1,2.5,10000,13.361904580594704
501,70,2.4000000000000004,3.0,10000,13.308601158817776
501,70,1.4000000000000001,2.75,10000,13.238044909420715
501,100,1.8000000000000003,2.25,10000,13.230697700016261
501,100,2.5000000000000004,2.5,10000,13.21910817327047
501,130,0.9,1.75,10000,13.17398359875385
501,130,0.7000000000000001,1.75,10000,13.090095964366064
501,70,1.0,2.75,10000,12.99508131455346
501,130,2.5000000000000004,3.0,10000,12.852884930185255
501,100,0.8,2.25,10000,12.593920756475825
501,70,0.7000000000000001,2.75,10000,12.43638651136336
501,70,2.3000000000000003,2.5,10000,12.383074245331603
501,100,0.2,1.75,10000,12.374658539702963
501,100,1.3000000000000003,2.0,10000,12.158998949273368
501,130,0.5,1.75,10000,12.093033801766552
501,70,2.4000000000000004,2.75,10000,12.013858189965607
501,70,1.3000000000000003,2.75,10000,12.005544038780883
501,70,1.4000000000000001,2.5,10000,11.98432230037671
501,100,0.1,1.75,10000,11.918386333912139
501,70,1.0,2.5,10000,11.877280384698565
501,130,0.2,2.0,10000,11.713314332554226
501,130,1.4000000000000001,1.5,10000,11.65864454190525
501,100,2.3000000000000003,2.5,10000,11.626750602903524
501,70,1.5000000000000002,2.75,10000,11.525321853491405
501,100,2.3000000000000003,2.75,10000,11.447673806593485
501,130,0.6,1.75,10000,11.447055121053431
501,70,2.5000000000000004,2.75,10000,11.392388952436413
501,70,0.2,2.75,10000,11.331110383118556
501,70,0.7000000000000001,2.5,10000,11.282465614510826
501,70,1.2000000000000002,2.75,10000,10.986551434318145
501,130,0.1,2.0,10000,10.967463131171186
501,70,0.9,2.0,10000,10.953683891105797
501,70,0.8,2.0,10000,10.902383175418692
501,100,0.9,2.25,10000,10.869033596913802
501,100,1.7000000000000002,2.0,10000,10.8460575002199
501,130,0.30000000000000004,2.0,10000,10.838602224582175
501,100,0.7000000000000001,2.0,10000,10.80002135945734
501,70,1.3000000000000003,2.5,10000,10.791066248543771
501,130,1.2000000000000002,2.0,10000,10.781082252368215
501,70,0.2,2.5,10000,10.580195727966384
501,100,1.1,2.25,10000,10.414684482844187
501,70,1.6,2.75,10000,10.373551496793908
501,130,1.1,2.0,10000,10.362199247789604
501,100,0.5,2.0,10000,10.338919816847607
501,70,1.5000000000000002,2.5,10000,10.242603854004948
501,100,1.2000000000000002,2.0,10000,10.20644412882779
501,70,0.8,2.25,10000,10.10300569698665
501,70,2.2,2.5,10000,10.102810411968616
501,70,0.9,2.25,10000,10.09575827588128
501,70,1.2000000000000002,2.5,10000,9.79860196419235
501,70,0.5,2.75,10000,9.776524903584189
501,130,2.5000000000000004,2.75,10000,9.677329008765128
501,100,2.4000000000000004,2.75,10000,9.579124254054399
501,70,1.7000000000000002,2.25,10000,9.537172566798596
501,100,1.0,2.0,10000,9.453248194013163
501,100,0.4,1.75,10000,9.171579981184188
501,100,0.6,2.0,10000,9.107560337708343
501,70,0.30000000000000004,2.0,10000,9.06991350928
501,70,2.0,2.0,10000,9.037685494376287
501,70,0.30000000000000004,2.25,10000,8.999933980089075
501,70,1.1,2.0,10000,8.962198792213961
501,70,0.5,2.5,10000,8.959193767375417
501,70,1.9000000000000001,2.25,10000,8.649763318580959
501,70,0.1,2.25,10000,8.442688999921955
501,130,1.5000000000000002,1.75,10000,8.41505222912716
501,70,1.6,2.5,10000,8.366126330669367
501,130,0.4,1.75,10000,8.297595555337459
501,70,1.4000000000000001,2.0,10000,8.175613822034762
501,70,0.6,2.75,10000,8.04436936954638
501,70,0.1,2.0,10000,7.9979289315682465
501,70,1.1,2.25,10000,7.910712508526444
501,70,1.9000000000000001,2.0,10000,7.674953361169891
501,70,0.4,2.75,10000,7.51702487130536
501,100,1.3000000000000003,1.75,10000,7.451192785770072
501,130,1.0,1.75,10000,7.426576845905018
501,70,1.0,2.0,10000,7.332641211888237
501,100,0.30000000000000004,1.75,10000,7.288902416584847
501,70,0.6,2.5,10000,6.902650039354562
501,130,1.3000000000000003,1.5,10000,6.766082410277143
501,70,0.4,2.5,10000,6.718806056855264
501,100,0.8,2.0,10000,6.6843220524420275
501,70,1.0,2.25,10000,6.518134720965371
501,70,0.7000000000000001,2.0,10000,6.5158732326481115
501,130,0.7000000000000001,1.5,10000,6.432770842242526
501,130,0.9,1.5,10000,6.105735317465495
501,70,1.5000000000000002,2.0,10000,5.88692703317583
501,100,2.2,2.25,10000,5.839566684313603
501,130,1.3000000000000003,1.75,10000,5.825855792653719
501,100,1.2000000000000002,1.75,10000,5.691056630096725
501,70,2.5000000000000004,2.5,10000,5.5992852018665715
501,70,0.7000000000000001,2.25,10000,5.538496871785384
501,130,0.8,1.5,10000,5.300014330421192
501,70,1.8000000000000003,2.25,10000,5.199668124219187
501,70,1.3000000000000003,2.0,10000,5.080167477486825
501,70,0.2,2.25,10000,5.045796819749697
501,100,1.0,1.75,10000,4.9056144945329905
501,70,1.4000000000000001,2.25,10000,4.890634356037324
501,70,2.1,2.25,10000,4.854869080838785
501,130,0.2,1.75,10000,4.839859869672281
501,100,1.1,2.0,10000,4.805088605566802
501,70,2.0,2.25,10000,4.790283024493988
501,70,0.2,2.0,10000,4.682645821318609
501,100,0.9,2.0,10000,4.46776400224806
501,70,2.2,2.0,10000,4.2865690425288605
501,130,0.6,1.5,10000,4.28024999880607
501,100,0.7000000000000001,1.75,10000,4.270458970416307
501,70,1.2000000000000002,2.0,10000,4.10984612544771
501,70,1.3000000000000003,2.25,10000,4.05433261347072
501,130,1.2000000000000002,1.75,10000,4.039748646552042
501,130,0.1,1.75,10000,4.006918361802192
501,70,1.6,2.0,10000,3.9799949212956705
501,130,2.3000000000000003,2.0,10000,3.8432622638429788
501,70,0.5,2.0,10000,3.8286113885672606
501,130,2.1,2.0,10000,3.793569753058275
501,40,2.3000000000000003,3.25,10000,3.6546202462462567
501,70,2.5000000000000004,2.25,10000,3.6093835241383054
501,40,2.3000000000000003,2.75,10000,3.585873738407333
501,100,1.6,1.75,10000,3.520571883899102
501,130,0.30000000000000004,1.75,10000,3.5196906248083693
501,100,0.5,1.75,10000,3.31166605448459
501,70,1.5000000000000002,2.25,10000,3.2504627172202234
501,70,0.5,2.25,10000,3.2171262395941227
501,70,2.1,2.0,10000,3.2078424641300316
501,70,1.2000000000000002,2.25,10000,3.1682112410282883
501,70,1.5000000000000002,1.75,10000,2.778398662249611
501,100,0.6,1.75,10000,2.352881001628006
501,130,1.1,1.75,10000,2.2727733748014174
501,70,2.3000000000000003,2.0,10000,2.263393001273956
501,70,2.3000000000000003,2.25,10000,2.0599208202816115
501,100,2.3000000000000003,2.0,10000,2.0303171541298504
501,130,0.5,1.5,10000,1.7161056785154472
501,40,2.3000000000000003,3.0,10000,1.6728066311113814
501,70,0.4,2.0,10000,1.6476055974699193
501,70,0.6,2.0,10000,1.6318138616460018
501,130,1.2000000000000002,1.5,10000,1.498429437425127
501,100,2.5000000000000004,2.75,10000,1.209462995549199
501,40,2.1,4.0,10000,1.2006867910441912
501,70,0.6,2.25,10000,1.094306360247046
501,40,1.9000000000000001,2.5,10000,0.9703209438118456
501,70,0.4,2.25,10000,0.9646851414611604
501,40,2.1,3.75,10000,0.954925175517829
501,40,2.1,3.5,10000,0.8810079000832154
501,40,2.1,3.25,10000,0.8307763035201212
501,100,1.8000000000000003,2.0,10000,0.5382961953628929
501,100,2.5000000000000004,2.0,10000,0.17992577394571363
501,40,2.1,2.75,10000,0.13717457984773418
501,40,2.3000000000000003,4.0,10000,0.05016833093317885
501,100,0.8,1.75,10000,-0.13781213320239516
501,40,2.3000000000000003,3.75,10000,-0.19608695068491144
501,70,0.8,1.75,10000,-0.2194967163336159
501,70,2.4000000000000004,2.5,10000,-0.270326046654791
501,40,2.3000000000000003,3.5,10000,-0.27105407577938934
501,130,1.8000000000000003,1.75,10000,-0.2790567270342379
501,70,2.2,2.25,10000,-0.2834664710081434
501,100,1.1,1.75,10000,-0.30342869746780465
501,40,2.0,2.5,10000,-0.4249539242777729
501,40,2.4000000000000004,3.25,10000,-0.5289076967857831
501,70,0.9,1.75,10000,-0.6837549137410335
501,100,1.4000000000000001,1.5,10000,-0.6871449821453659
501,40,2.4000000000000004,2.25,10000,-0.7225232734439295
501,100,2.0,2.0,10000,-0.7781860888358914
501,70,1.6,2.25,10000,-0.8092893481634427
501,70,1.4000000000000001,1.75,10000,-0.8232755268668406
501,40,1.9000000000000001,2.25,10000,-1.1355839539327839
501,130,1.0,1.5,10000,-1.2145214975359018
501,40,2.2,2.75,10000,-1.26986477505573
501,100,2.4000000000000004,2.0,10000,-1.3852940998855727
501,100,2.1,2.0,10000,-1.6481209061958921
501,40,2.4000000000000004,2.75,10000,-1.7180618272871584
501,40,2.5000000000000004,3.25,10000,-1.7592686155225579
501,70,2.3000000000000003,1.75,10000,-1.8379377217558321
501,100,1.7000000000000002,1.75,10000,-1.8451745719699026
501,40,2.0,2.25,10000,-1.8463390823259296
501,130,2.5000000000000004,2.5,10000,-1.8560524116433488
501,40,1.9000000000000001,4.0,10000,-1.8815933625253436
501,70,0.30000000000000004,1.75,10000,-1.917516678609232
501,100,0.9,1.75,10000,-1.9348797930395278
501,40,2.0,4.0,10000,-1.9549594147384326
501,100,2.3000000000000003,2.25,10000,-2.0149112284415107
501,40,2.3000000000000003,2.25,10000,-2.023547560228934
501,40,2.0,2.75,10000,-2.084347959449957
501,40,1.9000000000000001,3.75,10000,-2.1205281022864426
501,40,1.9000000000000001,3.5,10000,-2.1927009767296823
501,40,2.0,3.75,10000,-2.193945818561069
501,40,1.9000000000000001,3.25,10000,-2.220376993929328
501,70,2.5000000000000004,2.0,10000,-2.251532701981101
501,40,2.0,3.5,10000,-2.2626419423668196
501,40,2.0,3.25,10000,-2.315836902936251
501,40,2.2,4.0,10000,-2.4066349217821035
501,40,2.5000000000000004,3.0,10000,-2.434820240892371
501,40,2.1,3.0,10000,-2.6047016505031237
501,40,2.2,3.75,10000,-2.652241344248864
501,40,2.5000000000000004,2.75,10000,-2.6840454058704353
501,100,2.5000000000000004,2.25,10000,-2.7000341609802003
501,40,2.4000000000000004,3.0,10000,-2.7240542894226856
501,40,2.2,3.5,10000,-2.7263154296374843
501,100,1.5000000000000002,1.5,10000,-2.7703734706222924
501,40,2.2,3.25,10000,-2.773343752738956
501,10,2.5000000000000004,1.75,10000,-2.813893116943757
501,40,1.9000000000000001,2.75,10000,-2.9230185748613025
501,70,2.5000000000000004,1.75,10000,-3.0433216282092816
501,70,0.30000000000000004,1.5,10000,-3.0480845326374677
501,130,0.4,1.5,10000,-3.0542926251485625
501,40,1.9000000000000001,2.0,10000,-3.084480255230126
501,70,0.1,1.75,10000,-3.229052376120805
501,10,2.5000000000000004,1.5,10000,-3.252789212318478
501,130,1.1,1.5,10000,-3.270723353119994
501,40,1.8000000000000003,2.5,10000,-3.375404603975081
501,70,1.1,1.75,10000,-3.606325232251173
501,100,1.8000000000000003,1.75,10000,-3.867414929679299
501,40,2.4000000000000004,4.0,10000,-4.13425191596291
501,70,1.8000000000000003,1.75,10000,-4.172772422194047
501,130,2.4000000000000004,2.25,10000,-4.24151481274656
501,70,2.2,1.75,10000,-4.245693427465886
501,40,2.2,3.0,10000,-4.250767565212701
501,130,2.5000000000000004,2.0,10000,-4.287994143559535
501,40,2.4000000000000004,3.75,10000,-4.380574729140275
501,40,2.4000000000000004,3.5,10000,-4.4719643588732545
501,130,1.7000000000000002,1.75,10000,-4.71544468102184
501,70,0.1,1.5,10000,-4.727931584230056
501,130,1.6,1.5,10000,-4.752980684951272
501,70,2.5000000000000004,1.5,10000,-4.772391591804748
501,70,1.7000000000000002,1.75,10000,-4.807798577987782
501,70,0.8,1.5,10000,-4.872758968428432
501,100,1.3000000000000003,1.5,10000,-4.910928335094226
501,70,1.0,1.75,10000,-4.937582490704919
501,70,0.7000000000000001,1.75,10000,-5.067502686094354
501,130,2.3000000000000003,1.75,10000,-5.083159590590391
501,100,0.2,1.5,10000,-5.106677415515435
501,100,0.1,1.5,10000,-5.319889284162883
501,130,2.5000000000000004,1.5,10000,-5.339057691701676
501,40,2.5000000000000004,3.75,10000,-5.496352539930303
501,40,2.5000000000000004,4.0,10000,-5.496352539930303
501,100,2.5000000000000004,1.5,10000,-5.514488205092389
501,40,2.5000000000000004,3.5,10000,-5.674972111971886
501,40,1.9000000000000001,3.0,10000,-5.679444587354929
501,40,2.0,3.0,10000,-5.683323774644823
501,100,2.5000000000000004,1.75,10000,-5.820534717498806
501,70,1.6,1.75,10000,-5.84932176921243
501,130,2.5000000000000004,1.75,10000,-5.8581143560904945
501,130,2.3000000000000003,1.5,10000,-5.899123593767054
501,130,2.4000000000000004,2.0,10000,-6.1139271510040984
501,40,1.8000000000000003,4.0,10000,-6.153411471406965
501,40,1.7000000000000002,2.5,10000,-6.2357392774443134
501,130,1.5000000000000002,1.5,10000,-6.24152792832847
501,10,2.4000000000000004,1.75,10000,-6.252268051750106
501,70,0.9,1.5,10000,-6.279428230341768
501,70,0.2,1.75,10000,-6.282498056224423
501,70,1.3000000000000003,1.75,10000,-6.35268166463166
501,70,2.4000000000000004,2.25,10000,-6.381143071142698
501,40,1.8000000000000003,3.75,10000,-6.398361340995233
501,40,1.8000000000000003,3.5,10000,-6.468848467599408
501,40,1.8000000000000003,3.25,10000,-6.494517673046317
501,10,2.5000000000000004,2.0,10000,-6.4956395351111915
501,10,2.4000000000000004,1.5,10000,-6.524884334864751
501,100,1.2000000000000002,1.5,10000,-6.719570554665946
501,70,0.7000000000000001,1.5,10000,-6.727119251276044
501,130,2.2,1.5,10000,-7.088351150658095
501,100,2.2,2.0,10000,-7.189053727716977
501,130,0.2,1.5,10000,-7.222602582791513
501,40,1.8000000000000003,2.75,10000,-7.315713045034485
501,100,2.4000000000000004,1.5,10000,-7.505798292512767
501,70,0.5,1.75,10000,-7.628461883543718
501,130,2.5000000000000004,2.25,10000,-7.8176509539766
501,70,2.4000000000000004,1.75,10000,-7.822137086042698
501,130,2.4000000000000004,1.75,10000,-7.850022995924326
501,100,2.4000000000000004,2.25,10000,-7.857880516944804
501,10,2.5000000000000004,2.5,10000,-7.866278377461942
501,10,2.5000000000000004,3.5,10000,-7.866278377461943
501,10,2.5000000000000004,2.75,10000,-7.866278377461943
501,10,2.5000000000000004,3.0,10000,-7.866278377461943
501,10,2.5000000000000004,3.75,10000,-7.866278377461943
501,10,2.5000000000000004,3.25,10000,-7.866278377461943
501,10,2.5000000000000004,4.0,10000,-7.866278377461943
501,40,1.7000000000000002,4.0,10000,-7.897265224316364
501,130,0.30000000000000004,1.5,10000,-7.9201180031914085
501,70,2.3000000000000003,1.5,10000,-7.930222705516408
501,130,2.2,2.0,10000,-7.935818050916799
501,70,0.2,1.5,10000,-7.972805043174645
501,40,1.7000000000000002,3.75,10000,-8.142030764492429
501,40,1.7000000000000002,3.5,10000,-8.209815510396758
501,100,0.4,1.5,10000,-8.231474107032366
501,130,2.4000000000000004,1.5,10000,-8.236430466099964
501,40,1.7000000000000002,3.25,10000,-8.239312944055452
501,130,0.1,1.5,10000,-8.27700141415243
501,130,2.2,1.75,10000,-8.303438955363026
501,40,2.5000000000000004,2.25,10000,-8.410568922517509
501,70,1.2000000000000002,1.75,10000,-8.42670759717684
501,40,2.1,2.5,10000,-8.693456729750523
501,100,2.3000000000000003,1.5,10000,-8.715400559157054
501,100,2.4000000000000004,1.75,10000,-8.775119350104331
501,130,1.9000000000000001,1.75,10000,-8.779416895362147
501,70,2.4000000000000004,2.0,10000,-8.97229112475551
501,70,2.4000000000000004,1.5,10000,-9.051087044936628
501,40,1.7000000000000002,2.75,10000,-9.060595920696322
501,100,2.3000000000000003,1.75,10000,-9.213117135842403
501,70,0.5,1.5,10000,-9.409274994118523
501,70,0.4,1.75,10000,-9.682904036050083
501,100,1.9000000000000001,1.75,10000,-9.908813989600521
501,130,1.8000000000000003,1.5,10000,-9.957808891817177
501,40,1.8000000000000003,3.0,10000,-9.997641977874423
501,70,0.6,1.75,10000,-10.071285419267173
501,70,2.2,1.5,10000,-10.189544714820226
501,100,1.9000000000000001,2.0,10000,-10.33987031749487
501,10,2.5000000000000004,2.25,10000,-10.457769517870435
501,100,0.30000000000000004,1.5,10000,-10.577051289751473
501,10,2.3000000000000003,1.75,10000,-10.614236592376733
501,70,0.4,1.5,10000,-10.881535549759686
501,10,2.3000000000000003,1.5,10000,-10.90783411504849
501,70,1.1,1.5,10000,-11.047874586693126
501,70,0.6,1.5,10000,-11.053257531150187
501,130,1.7000000000000002,1.5,10000,-11.280447910672464
501,40,2.0,2.0,10000,-11.462013370075354
501,130,2.1,1.5,10000,-11.494352474229649
501,40,1.6,2.5,10000,-11.615900408662672
501,40,1.7000000000000002,3.0,10000,-11.723917196624157
501,40,2.1,2.25,10000,-11.729771287750191
501,70,1.9000000000000001,1.75,10000,-11.803288981738756
501,70,1.0,1.5,10000,-12.451234859438124
501,40,2.3000000000000003,2.5,10000,-12.486371026509376
501,70,2.1,1.75,10000,-12.568906805626892
501,40,1.4000000000000001,2.5,10000,-12.754290318990474
501,130,2.1,1.75,10000,-13.025695862923563
501,40,1.6,4.0,10000,-13.1009166258576
501,40,0.6,4.0,10000,-13.107142686988844
501,130,2.0,1.75,10000,-13.127736884436654
501,40,0.6,2.75,10000,-13.211950636294048
501,10,2.4000000000000004,2.0,10000,-13.242204517647606
501,40,2.2,2.5,10000,-13.294089360367591
501,40,1.6,3.75,10000,-13.339729785923346
501,40,0.6,3.75,10000,-13.354627264001092
501,40,0.6,3.25,10000,-13.388701509975224
501,40,0.6,3.5,10000,-13.393045785416685
501,40,1.6,3.5,10000,-13.405093239884938
501,40,0.6,2.5,10000,-13.414119331287733
501,40,1.6,3.25,10000,-13.437530408095746
501,100,1.0,1.5,10000,-13.60498428389094
501,40,1.6,2.75,10000,-13.847505761444296
501,40,1.4000000000000001,4.0,10000,-13.86191302068174
501,100,0.5,1.5,10000,-14.021540832164217
501,40,1.4000000000000001,3.75,10000,-14.100573533215691
501,40,1.4000000000000001,3.5,10000,-14.151883715712597
501,40,1.4000000000000001,3.25,10000,-14.1643637094637
501,40,1.5000000000000002,2.5,10000,-14.283735004541168
501,100,2.1,1.75,10000,-14.305851984839862
501,10,2.2,1.5,10000,-14.33808984402758
501,100,2.2,1.75,10000,-14.406193886087351
501,100,2.2,1.5,10000,-14.468860439538556
501,100,0.7000000000000001,1.5,10000,-14.633912657974317
501,40,1.8000000000000003,2.25,10000,-14.64583649361629
501,40,1.4000000000000001,2.75,10000,-14.887718413854408
501,40,2.5000000000000004,2.5,10000,-14.907702950585326
501,70,2.1,1.5,10000,-15.20338623722123
501,130,2.0,1.5,10000,-15.273721682798346
501,40,0.7000000000000001,4.0,10000,-15.35473469654941
501,40,0.6,3.0,10000,-15.355809163480252
501,100,2.1,1.5,10000,-15.37582871664921
501,100,2.0,1.75,10000,-15.3930262535628
501,40,0.7000000000000001,2.75,10000,-15.411015349601971
501,100,2.0,1.5,10000,-15.418385869944604
501,40,0.7000000000000001,2.5,10000,-15.4931556178677
501,40,0.7000000000000001,3.75,10000,-15.601965197164784
501,100,0.6,1.5,10000,-15.632855951563606
501,40,0.7000000000000001,3.5,10000,-15.640500124426218
501,40,0.7000000000000001,3.25,10000,-15.66108217069354
501,100,0.8,1.5,10000,-15.900084835899026
501,130,1.9000000000000001,1.5,10000,-16.00499002542614
501,70,1.4000000000000001,1.5,10000,-16.449282477633577
501,100,1.1,1.5,10000,-16.503917066011276
501,40,1.5000000000000002,4.0,10000,-16.670211275834234
501,40,2.5000000000000004,2.0,10000,-16.70666227334537
501,10,2.2,1.75,10000,-16.76151488266008
501,40,2.4000000000000004,1.5,10000,-16.837319634501103
501,40,1.6,3.0,10000,-16.896548279375928
501,40,1.5000000000000002,3.75,10000,-16.908716472367523
501,40,1.5000000000000002,2.75,10000,-16.93919363355506
501,40,1.5000000000000002,3.5,10000,-16.959437101454263
501,40,1.5000000000000002,3.25,10000,-16.998121606175676
501,40,0.4,4.0,10000,-17.165114586173353
501,10,2.4000000000000004,4.0,10000,-17.172639932943415
501,10,2.4000000000000004,3.75,10000,-17.172639932943415
501,10,2.4000000000000004,3.25,10000,-17.172639932943415
501,10,2.4000000000000004,3.0,10000,-17.172639932943415
501,10,2.4000000000000004,2.75,10000,-17.172639932943415
501,10,2.4000000000000004,3.5,10000,-17.172639932943415
501,40,2.2,2.25,10000,-17.187979780157136
501,40,1.4000000000000001,3.0,10000,-17.24051835045539
501,40,0.4,2.75,10000,-17.314266303538847
501,40,1.3000000000000003,2.5,10000,-17.352487423282472
501,40,0.4,3.75,10000,-17.413587169313786
501,40,0.4,3.5,10000,-17.460845803635824
501,40,0.4,3.25,10000,-17.471726850672137
501,40,0.7000000000000001,3.0,10000,-17.60919224552592
501,40,2.4000000000000004,2.5,10000,-17.6898881714944
501,40,2.3000000000000003,1.5,10000,-17.745498212356296
501,40,0.4,2.5,10000,-17.7838751535412
501,10,2.4000000000000004,2.5,10000,-17.92666409843994
501,40,1.2000000000000002,4.0,10000,-18.13572595823846
501,40,1.3000000000000003,4.0,10000,-18.1903238281979
501,40,2.5000000000000004,1.75,10000,-18.211995566546232
501,40,2.5000000000000004,1.5,10000,-18.29315770981923
501,40,1.2000000000000002,3.75,10000,-18.379781857610894
501,40,1.3000000000000003,3.75,10000,-18.42868052011189
501,40,1.2000000000000002,3.5,10000,-18.436655756753186
501,40,1.2000000000000002,3.25,10000,-18.44447099720292
501,40,1.3000000000000003,3.5,10000,-18.48556440470686
501,40,1.3000000000000003,3.25,10000,-18.500542366545602
501,40,1.2000000000000002,2.5,10000,-18.760456155507782
501,40,2.0,1.75,10000,-18.941222736631364
501,40,0.5,4.0,10000,-18.955225292757365
501,40,0.5,2.75,10000,-19.114060241548856
501,40,1.2000000000000002,2.75,10000,-19.176159351384733
501,40,1.3000000000000003,2.75,10000,-19.179689977682237
501,40,0.5,3.75,10000,-19.20297202228438
501,40,0.8,4.0,10000,-19.239628294991544
501,40,0.5,3.5,10000,-19.250123234405148
501,40,0.5,3.25,10000,-19.262080074963833
501,40,0.8,2.75,10000,-19.27610340682021
501,40,0.30000000000000004,4.0,10000,-19.325614582310546
501,40,0.5,2.5,10000,-19.338255042129337
501,40,0.8,2.5,10000,-19.402153932342117
501,40,2.3000000000000003,1.75,10000,-19.45011348440346
501,40,0.4,3.0,10000,-19.46559691700465
501,40,0.8,3.75,10000,-19.48343169224013
501,40,0.30000000000000004,2.75,10000,-19.4993761402029
501,40,0.8,3.5,10000,-19.52121121065667
501,40,0.8,3.25,10000,-19.527907267249315
501,10,2.4000000000000004,2.25,10000,-19.561591122979905
501,40,0.30000000000000004,3.75,10000,-19.573820421251842
501,40,2.4000000000000004,2.0,10000,-19.579525457998617
501,40,0.30000000000000004,3.5,10000,-19.621121826512326
501,40,0.30000000000000004,3.25,10000,-19.63387516336068
501,100,0.9,1.5,10000,-19.771482668078587
501,100,1.9000000000000001,1.5,10000,-19.927427435575275
501,40,1.0,4.0,10000,-19.971460053274146
501,70,2.0,1.75,10000,-20.005718351548545
501,40,1.9000000000000001,1.75,10000,-20.02871568597793
501,40,1.5000000000000002,3.0,10000,-20.057428631929884
501,40,0.30000000000000004,2.5,10000,-20.110408332734284
501,40,1.7000000000000002,2.25,10000,-20.124001959419534
501,40,1.0,3.75,10000,-20.21512791469517
501,40,1.0,3.5,10000,-20.272804026705057
501,40,1.0,3.25,10000,-20.295086607640336
501,40,2.4000000000000004,1.75,10000,-20.356267635779947
501,10,2.1,1.5,10000,-20.389840903835825
501,40,2.2,1.5,10000,-20.531222813623636
501,100,1.6,1.5,10000,-20.631790038454703
501,40,1.0,2.75,10000,-20.953262107091433
501,40,1.0,2.5,10000,-21.024092425600625
501,10,2.1,1.75,10000,-21.073060318863057
501,100,1.8000000000000003,1.5,10000,-21.250955209109605
501,40,0.5,3.0,10000,-21.257179029138474
501,40,1.1,4.0,10000,-21.265541744431175
501,40,0.8,3.0,10000,-21.472490613605423
501,40,1.1,3.75,10000,-21.509312475091235
501,40,1.1,3.5,10000,-21.56611667041311
501,40,1.1,3.25,10000,-21.57408718149299
501,40,1.3000000000000003,3.0,10000,-21.577520031579418
501,40,1.2000000000000002,3.0,10000,-21.610698471534064
501,40,0.30000000000000004,3.0,10000,-21.6285792844405
501,40,1.8000000000000003,2.0,10000,-21.67934879801442
501,40,1.1,2.5,10000,-21.80577249330578
501,40,0.9,4.0,10000,-21.984098534185502
501,40,0.9,2.75,10000,-22.012463730131564
501,40,2.1,2.0,10000,-22.034999300257486
501,40,0.9,2.5,10000,-22.223304874532165
501,40,0.9,3.75,10000,-22.227930785762034
501,40,1.1,2.75,10000,-22.23280768962878
501,40,0.9,3.5,10000,-22.265281008269376
501,40,0.9,3.25,10000,-22.28215149040989
501,40,2.3000000000000003,2.0,10000,-22.312830045839597
501,10,2.3000000000000003,2.0,10000,-22.59323873427471
501,40,0.6,2.25,10000,-22.87480718533609
501,40,1.4000000000000001,2.25,10000,-22.98982497989779
501,40,1.4000000000000001,1.5,10000,-23.204420459959636
501,40,0.6,2.0,10000,-23.214884010080684
501,40,0.2,4.0,10000,-23.389019616680734
501,40,1.0,3.0,10000,-23.452904099827485
501,40,0.2,2.75,10000,-23.5909833763266
501,40,0.2,3.75,10000,-23.640021637584766
501,40,0.2,3.5,10000,-23.688963801419007
501,40,0.2,3.25,10000,-23.70179074899071
501,40,1.4000000000000001,1.75,10000,-23.779874195770734
501,70,2.0,1.5,10000,-23.912007797482655
501,70,1.7000000000000002,1.5,10000,-24.010307445744115
501,100,1.7000000000000002,1.5,10000,-24.02480669422183
501,40,0.2,2.5,10000,-24.127752974739643
501,40,0.9,3.0,10000,-24.15589356280804
501,40,1.5000000000000002,2.25,10000,-24.203915149297398
501,70,1.2000000000000002,1.5,10000,-24.24311236619029
501,40,2.2,1.75,10000,-24.589406043667402
501,40,1.6,2.25,10000,-24.65850769949636
501,40,0.1,4.0,10000,-24.658884601320395
501,40,1.1,3.0,10000,-24.728479148458923
501,10,2.2,2.0,10000,-24.761606112957004
501,70,1.3000000000000003,1.5,10000,-24.802871767209837
501,40,0.1,2.75,10000,-24.84354945901647
501,40,0.1,3.75,10000,-24.909720022762123
501,40,0.7000000000000001,2.0,10000,-24.91841343446068
501,70,1.8000000000000003,1.5,10000,-24.95266794401138
501,40,0.1,3.5,10000,-24.958675355641553
501,40,0.1,3.25,10000,-24.975091165730802
501,70,1.9000000000000001,1.5,10000,-24.98751475267446
501,40,0.1,2.5,10000,-25.34365840264282
501,40,0.2,3.0,10000,-25.696951140956543
501,40,2.1,1.5,10000,-25.80801735172538
501,40,0.6,1.75,10000,-25.859689429673487
501,40,0.7000000000000001,2.25,10000,-25.909285361790133
501,40,0.4,1.75,10000,-26.030112757361493
501,40,1.5000000000000002,1.75,10000,-26.40712876694991
501,40,2.0,1.5,10000,-26.522023574249182
501,40,1.7000000000000002,2.0,10000,-26.808168180513693
501,40,0.1,3.0,10000,-26.97207228827656
501,40,1.4000000000000001,2.0,10000,-27.122169898463355
501,40,0.4,2.25,10000,-27.21530817954827
501,40,0.4,2.0,10000,-27.23231607760506
501,40,2.1,1.75,10000,-27.57042223026396
501,40,0.5,1.75,10000,-27.85844850334215
501,40,1.3000000000000003,2.25,10000,-28.041343782034374
501,40,0.7000000000000001,1.75,10000,-28.19895957286731
501,10,2.1,2.0,10000,-28.472158449600432
501,10,1.9000000000000001,2.0,10000,-28.494859603947155
501,40,0.5,2.25,10000,-28.73797895290936
501,40,0.5,2.0,10000,-28.92663051319628
501,40,1.2000000000000002,2.25,10000,-29.130182130707674
501,40,0.30000000000000004,1.75,10000,-29.217251052584245
501,40,2.2,2.0,10000,-29.49940782859449
501,40,0.30000000000000004,2.25,10000,-29.748540905104488
501,40,0.8,2.0,10000,-29.99699172306735
501,40,0.30000000000000004,2.0,10000,-30.05941197435026
501,10,2.0,1.5,10000,-30.30072304325981
501,40,0.8,2.25,10000,-30.348137625771383
501,40,1.5000000000000002,2.0,10000,-30.68739132651101
501,40,1.3000000000000003,2.0,10000,-30.691586151547593
501,10,2.0,2.0,10000,-30.924170251817337
501,40,1.9000000000000001,1.5,10000,-30.93682065898641
501,40,1.3000000000000003,1.75,10000,-31.12903655392285
501,40,1.2000000000000002,2.0,10000,-31.2475567654032
501,40,0.9,2.0,10000,-32.01353444921984
501,40,0.9,2.25,10000,-32.21308287597029
501,40,1.0,2.25,10000,-32.43816349205444
501,40,1.6,2.0,10000,-32.83240147895461
501,10,2.3000000000000003,4.0,10000,-32.91580226959731
501,10,2.3000000000000003,3.75,10000,-32.91580226959731
501,10,2.3000000000000003,3.5,10000,-32.91580226959731
501,10,2.3000000000000003,3.0,10000,-32.91580226959731
501,10,2.3000000000000003,2.75,10000,-32.91580226959731
501,10,2.3000000000000003,3.25,10000,-32.91580226959731
501,40,0.8,1.75,10000,-32.9633852192638
501,10,2.3000000000000003,2.5,10000,-33.13233993524291
501,10,2.0,1.75,10000,-33.28120666010177
501,40,0.2,2.25,10000,-33.520464740304035
501,40,1.1,2.25,10000,-33.52750609428865
501,40,0.2,2.0,10000,-33.881940833911244
501,40,1.5000000000000002,1.5,10000,-33.98634071378548
501,10,1.9000000000000001,1.75,10000,-34.048084873250545
501,40,0.2,1.75,10000,-34.122352856487964
501,40,0.4,1.5,10000,-34.13783359368589
501,40,1.0,2.0,10000,-34.22620661491825
501,40,0.1,2.0,10000,-34.40641823006646
501,40,1.8000000000000003,1.5,10000,-34.51345616332118
501,40,1.7000000000000002,1.5,10000,-34.513840344559895
501,40,1.2000000000000002,1.75,10000,-34.59269249693543
501,40,0.1,1.75,10000,-34.644690069107526
501,40,0.1,2.25,10000,-34.69139879947275
501,40,0.9,1.75,10000,-35.19543924526199
501,10,1.9000000000000001,1.5,10000,-35.322593676996135
501,40,1.7000000000000002,1.75,10000,-35.37719278020843
501,40,0.6,1.5,10000,-35.465086050895884
501,70,1.5000000000000002,1.5,10000,-36.15597871654495
501,40,1.0,1.75,10000,-36.160441715299
501,40,1.1,2.0,10000,-36.23496103325037
501,40,1.6,1.75,10000,-36.48654589170536
501,10,2.2,3.0,10000,-36.510036011796764
501,10,2.2,3.75,10000,-36.510036011796764
501,10,2.2,3.25,10000,-36.510036011796764
501,10,2.2,3.5,10000,-36.510036011796764
501,10,2.2,2.75,10000,-36.510036011796764
501,10,2.2,4.0,10000,-36.510036011796764
501,10,1.8000000000000003,2.0,10000,-36.56425513185354
501,10,2.3000000000000003,2.25,10000,-36.60405767822547
501,40,0.5,1.5,10000,-36.61922422630373
501,10,2.1,2.25,10000,-36.78733676240246
501,10,2.2,2.5,10000,-36.78767524189179
501,40,1.1,1.75,10000,-36.83640635886875
501,40,0.7000000000000001,1.5,10000,-37.02705444191429
501,40,0.30000000000000004,1.5,10000,-37.33662693898998
501,10,2.2,2.25,10000,-37.376272899045645
501,40,1.6,1.5,10000,-37.4580615051994
501,10,2.0,2.25,10000,-38.70352004878567
501,40,1.8000000000000003,1.75,10000,-38.77296111403491
501,10,1.9000000000000001,2.25,10000,-38.893468000072886
501,10,1.8000000000000003,1.75,10000,-39.36970895350365
501,10,2.1,2.5,10000,-39.82062052414683
501,40,1.3000000000000003,1.5,10000,-40.42283825191089
501,40,1.0,1.5,10000,-41.0564939021073
501,40,0.9,1.5,10000,-41.155550450588684
501,10,2.1,4.0,10000,-41.23621366497369
501,10,2.1,3.75,10000,-41.23621366497369
501,10,2.1,2.75,10000,-41.23621366497369
501,10,2.1,3.0,10000,-41.23621366497369
501,10,2.1,3.25,10000,-41.23621366497369
501,10,2.1,3.5,10000,-41.23621366497369
501,40,0.2,1.5,10000,-41.5144670329887
501,10,1.8000000000000003,1.5,10000,-41.961616703701985
501,40,0.8,1.5,10000,-42.018165053457025
501,70,1.6,1.5,10000,-43.33523216301573
501,40,0.1,1.5,10000,-43.668475410102324
501,10,1.9000000000000001,2.75,10000,-45.416605221523355
501,10,1.9000000000000001,3.0,10000,-45.416605221523355
501,10,1.9000000000000001,3.25,10000,-45.416605221523355
501,10,1.9000000000000001,3.75,10000,-45.416605221523355
501,10,1.9000000000000001,4.0,10000,-45.416605221523355
501,10,1.9000000000000001,3.5,10000,-45.416605221523355
501,10,1.7000000000000002,1.5,10000,-45.81780398074936
501,10,1.9000000000000001,2.5,10000,-46.147392294173784
501,10,2.0,2.5,10000,-46.16318585628592
501,40,1.1,1.5,10000,-46.26360189311512
501,40,1.2000000000000002,1.5,10000,-47.070874518254215
501,10,2.0,3.5,10000,-47.147452875064666
501,10,2.0,3.25,10000,-47.147452875064666
501,10,2.0,3.0,10000,-47.147452875064666
501,10,2.0,2.75,10000,-47.147452875064666
501,10,2.0,3.75,10000,-47.147452875064666
501,10,2.0,4.0,10000,-47.147452875064666
501,10,1.7000000000000002,2.0,10000,-47.886228203925896
501,10,1.7000000000000002,3.25,10000,-51.11493740476193
501,10,1.7000000000000002,3.75,10000,-51.11493740476193
501,10,1.7000000000000002,3.0,10000,-51.11493740476193
501,10,1.7000000000000002,2.75,10000,-51.11493740476193
501,10,1.7000000000000002,4.0,10000,-51.11493740476193
501,10,1.7000000000000002,3.5,10000,-51.11493740476193
501,10,1.8000000000000003,2.75,10000,-51.13162476543075
501,10,1.8000000000000003,3.0,10000,-51.13162476543075
501,10,1.8000000000000003,3.25,10000,-51.13162476543075
501,10,1.8000000000000003,3.5,10000,-51.13162476543075
501,10,1.8000000000000003,3.75,10000,-51.13162476543075
501,10,1.8000000000000003,4.0,10000,-51.13162476543075
501,10,1.8000000000000003,2.25,10000,-51.640757392279895
501,10,1.6,2.0,10000,-51.753738990288
501,10,1.8000000000000003,2.5,10000,-52.13034149768127
501,10,1.7000000000000002,2.5,10000,-52.154921804444754
501,10,1.7000000000000002,2.25,10000,-53.939977555386434
501,10,1.6,3.25,10000,-57.18492948230731
501,10,1.6,3.0,10000,-57.18492948230731
501,10,1.6,4.0,10000,-57.18492948230731
501,10,1.6,3.75,10000,-57.18492948230731
501,10,1.6,3.5,10000,-57.18492948230731
501,10,1.6,2.75,10000,-57.18492948230731
501,10,1.4000000000000001,2.0,10000,-58.12369228635197
501,10,1.6,2.5,10000,-58.200533074604294
501,10,1.5000000000000002,2.0,10000,-58.354805575730296
501,10,1.6,1.5,10000,-59.528983820219786
501,10,1.5000000000000002,3.75,10000,-60.27064356005873
501,10,1.5000000000000002,3.25,10000,-60.27064356005873
501,10,1.5000000000000002,4.0,10000,-60.27064356005873
501,10,1.5000000000000002,3.5,10000,-60.27064356005873
501,10,1.5000000000000002,3.0,10000,-60.27064356005873
501,10,1.5000000000000002,2.75,10000,-60.27064356005873
501,10,1.6,2.25,10000,-61.153208666458205
501,10,1.5000000000000002,1.75,10000,-61.22612296525864
501,10,1.5000000000000002,2.5,10000,-61.61891825306927
501,10,1.1,2.0,10000,-61.74861501825384
501,10,1.5000000000000002,1.5,10000,-61.759804291020764
501,10,1.6,1.75,10000,-62.743870549146706
501,10,1.3000000000000003,2.0,10000,-62.766716897679686
501,10,1.7000000000000002,1.75,10000,-62.985564109969154
501,10,1.0,2.0,10000,-63.6143539087735
501,10,1.5000000000000002,2.25,10000,-64.03839772869343
501,10,1.1,2.25,10000,-64.31652297897057
501,10,1.4000000000000001,3.5,10000,-65.1542065522553
501,10,1.4000000000000001,4.0,10000,-65.1542065522553
501,10,1.4000000000000001,3.75,10000,-65.1542065522553
501,10,1.4000000000000001,3.25,10000,-65.1542065522553
501,10,1.4000000000000001,2.75,10000,-65.1542065522553
501,10,1.4000000000000001,3.0,10000,-65.1542065522553
501,10,1.1,3.0,10000,-65.40004151312624
501,10,1.1,3.5,10000,-65.40004151312624
501,10,1.1,4.0,10000,-65.40004151312624
501,10,1.1,3.75,10000,-65.40004151312624
501,10,1.1,2.75,10000,-65.40004151312624
501,10,1.1,3.25,10000,-65.40004151312624
501,10,0.9,2.0,10000,-65.4532597597202
501,10,1.2000000000000002,2.0,10000,-65.90220468248549
501,10,1.4000000000000001,2.25,10000,-66.01336188649637
501,10,1.1,2.5,10000,-66.24186055557924
501,10,1.3000000000000003,3.0,10000,-66.73372675449788
501,10,1.3000000000000003,3.75,10000,-66.73372675449788
501,10,1.3000000000000003,4.0,10000,-66.73372675449788
501,10,1.3000000000000003,2.75,10000,-66.73372675449788
501,10,1.3000000000000003,3.5,10000,-66.73372675449788
501,10,1.3000000000000003,3.25,10000,-66.73372675449788
501,10,1.4000000000000001,2.5,10000,-66.998251987613
501,10,1.0,2.25,10000,-67.1107713163446
501,10,0.8,2.0,10000,-67.41649583834982
501,10,0.7000000000000001,2.0,10000,-67.89437611099328
501,10,1.4000000000000001,1.75,10000,-67.90429418415681
501,10,0.8,2.75,10000,-67.94937974846624
501,10,0.8,4.0,10000,-67.94937974846624
501,10,0.8,3.75,10000,-67.94937974846624
501,10,0.8,3.5,10000,-67.94937974846624
501,10,0.8,3.25,10000,-67.94937974846624
501,10,0.8,3.0,10000,-67.94937974846624
501,10,0.7000000000000001,3.0,10000,-67.94977844734387
501,10,0.7000000000000001,3.5,10000,-67.94977844734387
501,10,0.7000000000000001,3.25,10000,-67.94977844734387
501,10,0.7000000000000001,4.0,10000,-67.94977844734387
501,10,0.7000000000000001,2.75,10000,-67.94977844734387
501,10,0.7000000000000001,3.75,10000,-67.94977844734387
501,10,1.0,3.75,10000,-68.0157290603571
501,10,1.0,4.0,10000,-68.0157290603571
501,10,1.0,3.5,10000,-68.0157290603571
501,10,1.0,3.0,10000,-68.0157290603571
501,10,1.0,3.25,10000,-68.0157290603571
501,10,1.0,2.75,10000,-68.0157290603571
501,10,1.4000000000000001,1.5,10000,-68.06651949532058
501,10,0.8,2.5,10000,-68.3247842919213
501,10,0.7000000000000001,2.5,10000,-68.33566891127342
501,10,1.0,2.5,10000,-68.38252042509762
501,10,0.8,2.25,10000,-68.51506014126966
501,10,1.3000000000000003,2.5,10000,-68.57307821213382
501,10,1.3000000000000003,2.25,10000,-68.63587325991475
501,10,0.9,2.75,10000,-68.67589702685058
501,10,0.9,3.0,10000,-68.67589702685058
501,10,0.9,3.25,10000,-68.67589702685058
501,10,0.9,3.75,10000,-68.67589702685058
501,10,0.9,4.0,10000,-68.67589702685058
501,10,0.9,3.5,10000,-68.67589702685058
501,10,0.7000000000000001,2.25,10000,-68.71692830284316
501,10,0.9,2.25,10000,-69.01810094931245
501,10,0.9,2.5,10000,-69.04329621092987
501,10,1.2000000000000002,2.25,10000,-69.88187285592528
501,10,0.6,4.0,10000,-70.03178076144195
501,10,0.6,3.0,10000,-70.03178076144195
501,10,0.6,3.75,10000,-70.03178076144195
501,10,0.6,3.5,10000,-70.03178076144195
501,10,0.6,2.75,10000,-70.03178076144195
501,10,0.6,3.25,10000,-70.03178076144195
501,10,0.6,2.5,10000,-70.11078374818584
501,10,1.2000000000000002,2.75,10000,-70.63751919513794
501,10,1.2000000000000002,3.0,10000,-70.63751919513794
501,10,1.2000000000000002,3.25,10000,-70.63751919513794
501,10,1.2000000000000002,3.75,10000,-70.63751919513794
501,10,1.2000000000000002,3.5,10000,-70.63751919513794
501,10,1.2000000000000002,4.0,10000,-70.63751919513794
501,10,0.6,2.0,10000,-70.65508926988586
501,10,0.5,4.0,10000,-70.79715527167826
501,10,0.5,3.0,10000,-70.79715527167826
501,10,0.5,3.25,10000,-70.79715527167826
501,10,0.5,3.5,10000,-70.79715527167826
501,10,0.5,2.75,10000,-70.79715527167826
501,10,0.5,3.75,10000,-70.79715527167826
501,10,0.6,2.25,10000,-71.04789121953817
501,10,0.5,2.5,10000,-71.21092972613519
501,10,0.5,2.0,10000,-71.3788980180316
501,10,1.2000000000000002,2.5,10000,-71.55230776805436
501,10,0.5,2.25,10000,-72.16489115683756
501,10,1.1,1.75,10000,-72.92443485222663
501,10,0.4,3.0,10000,-74.46282930837064
501,10,0.4,3.75,10000,-74.46282930837064
501,10,0.4,2.75,10000,-74.46282930837064
501,10,0.4,4.0,10000,-74.46282930837064
501,10,0.4,3.5,10000,-74.46282930837064
501,10,0.4,3.25,10000,-74.46282930837064
501,10,0.4,2.5,10000,-74.8626700229292
501,10,0.1,3.0,10000,-74.9138269623357
501,10,0.1,3.25,10000,-74.9138269623357
501,10,0.1,3.5,10000,-74.9138269623357
501,10,0.1,4.0,10000,-74.9138269623357
501,10,0.1,2.75,10000,-74.9138269623357
501,10,0.1,3.75,10000,-74.9138269623357
501,10,0.30000000000000004,4.0,10000,-75.09199251769044
501,10,0.30000000000000004,3.25,10000,-75.09199251769044
501,10,0.30000000000000004,3.5,10000,-75.09199251769044
501,10,0.30000000000000004,2.75,10000,-75.09199251769044
501,10,0.30000000000000004,3.0,10000,-75.09199251769044
501,10,0.30000000000000004,3.75,10000,-75.09199251769044
501,10,0.1,2.5,10000,-75.37592945843593
501,10,0.30000000000000004,2.5,10000,-75.49137197543018
501,10,1.3000000000000003,1.75,10000,-75.5410884473709
501,10,0.4,2.0,10000,-75.55851497920085
501,10,0.1,2.25,10000,-75.56500405399376
501,10,0.1,2.0,10000,-75.68390718131465
501,10,0.4,2.25,10000,-75.93470346888685
501,10,0.30000000000000004,2.0,10000,-76.03182315997529
501,10,1.0,1.75,10000,-76.20057708819499
501,10,0.30000000000000004,2.25,10000,-76.28249477134318
501,10,1.2000000000000002,1.75,10000,-76.29590136518968
501,10,0.2,2.75,10000,-76.67302954816799
501,10,0.2,3.0,10000,-76.67302954816799
501,10,0.2,3.25,10000,-76.67302954816799
501,10,0.2,3.5,10000,-76.67302954816799
501,10,0.2,4.0,10000,-76.67302954816799
501,10,0.2,3.75,10000,-76.67302954816799
501,10,0.2,2.5,10000,-77.13843015939975
501,10,0.2,2.0,10000,-77.23049717201371
501,10,0.2,2.25,10000,-77.48020851171037
501,10,1.1,1.5,10000,-77.55475895259858
501,10,1.0,1.5,10000,-78.08181129251776
501,10,1.3000000000000003,1.5,10000,-80.46826710092338
501,10,1.2000000000000002,1.5,10000,-81.04554410393712
501,10,0.9,1.75,10000,-82.27691878667022
501,10,0.9,1.5,10000,-83.71307078317388
501,10,0.7000000000000001,1.5,10000,-84.90576604972875
501,10,0.8,1.75,10000,-86.46124707997797
501,10,0.7000000000000001,1.75,10000,-86.62482266542202
501,10,0.8,1.5,10000,-87.40456897563936
501,10,0.5,1.5,10000,-89.5138338196131
501,10,0.5,1.75,10000,-89.99426957109839
501,10,0.6,1.75,10000,-90.3735470706522
501,10,0.6,1.5,10000,-90.37900088272289
501,10,0.1,1.5,10000,-90.58648261229501
501,10,0.1,1.75,10000,-91.49347758017808
501,10,0.4,1.75,10000,-93.13726715114836
501,10,0.30000000000000004,1.5,10000,-93.37069482634138
501,10,0.30000000000000004,1.75,10000,-93.46702083056093
501,10,0.4,1.5,10000,-93.82213704117939
501,10,0.2,1.75,10000,-94.05533313166964
501,10,0.2,1.5,10000,-95.23727155004823
